Date,MACD_NQ_Breadth
2017-01-03,72.57019438444925
2017-01-04,74.73002159827213
2017-01-05,74.94600431965442
2017-01-06,76.88984881209502
2017-01-09,77.10583153347731
2017-01-10,77.96976241900649
2017-01-11,77.7537796976242
2017-01-12,77.32181425485962
2017-01-13,79.6976241900648
2017-01-17,78.40172786177105
2017-01-18,79.04967602591793
2017-01-19,78.18574514038878
2017-01-20,76.45788336933045
2017-01-23,75.80993520518359
2017-01-24,76.02591792656588
2017-01-25,78.61771058315334
2017-01-26,78.18574514038878
2017-01-27,77.96976241900649
2017-01-30,75.5939524838013
2017-01-31,73.4341252699784
2017-02-01,70.62634989200865
2017-02-02,69.97840172786177
2017-02-03,71.2742980561555
2017-02-06,70.84233261339092
2017-02-07,70.84233261339092
2017-02-08,71.05831533477321
2017-02-09,72.78617710583153
2017-02-10,76.02591792656588
2017-02-13,79.91360691144709
2017-02-14,81.20950323974083
2017-02-15,82.72138228941685
2017-02-16,83.36933045356372
2017-02-17,83.58531317494601
2017-02-21,84.66522678185746
2017-02-22,84.66522678185746
2017-02-23,84.66522678185746
2017-02-24,84.88120950323975
2017-02-27,84.66522678185746
2017-02-28,83.8012958963283
2017-03-01,84.01727861771057
2017-03-02,83.8012958963283
2017-03-03,83.58531317494601
2017-03-06,83.15334773218143
2017-03-07,81.20950323974083
2017-03-08,79.6976241900648
2017-03-09,77.80172413793103
2017-03-10,76.50862068965517
2017-03-13,74.13793103448276
2017-03-14,73.49137931034483
2017-03-15,73.70689655172413
2017-03-16,74.35344827586206
2017-03-17,75.64655172413794
2017-03-20,74.35344827586206
2017-03-21,69.18103448275862
2017-03-22,65.94827586206897
2017-03-23,63.577586206896555
2017-03-24,61.63793103448276
2017-03-27,60.3448275862069
2017-03-28,59.48275862068966
2017-03-29,58.4051724137931
2017-03-30,59.91379310344828
2017-03-31,60.775862068965516
2017-04-03,59.05172413793104
2017-04-04,58.83620689655172
2017-04-05,58.620689655172406
2017-04-06,57.543103448275865
2017-04-07,57.758620689655174
2017-04-10,58.620689655172406
2017-04-11,58.83620689655172
2017-04-12,56.68103448275862
2017-04-13,51.293103448275865
2017-04-17,52.80172413793104
2017-04-18,51.939655172413794
2017-04-19,51.724137931034484
2017-04-20,53.879310344827594
2017-04-21,54.956896551724135
2017-04-24,58.189655172413794
2017-04-25,63.793103448275865
2017-04-26,65.94827586206897
2017-04-27,68.96551724137932
2017-04-28,68.75
2017-05-01,69.18103448275862
2017-05-02,67.67241379310344
2017-05-03,67.02586206896551
2017-05-04,65.73275862068965
2017-05-05,67.24137931034483
2017-05-08,67.02586206896551
2017-05-09,67.02586206896551
2017-05-10,66.8103448275862
2017-05-11,66.8103448275862
2017-05-12,65.30172413793103
2017-05-15,66.8103448275862
2017-05-16,66.37931034482759
2017-05-17,62.28448275862068
2017-05-18,60.3448275862069
2017-05-19,58.83620689655172
2017-05-22,59.26724137931034
2017-05-23,60.775862068965516
2017-05-24,61.206896551724135
2017-05-25,62.06896551724138
2017-05-26,64.87068965517241
2017-05-30,67.02586206896551
2017-05-31,68.10344827586206
2017-06-01,69.82758620689656
2017-06-02,71.98275862068965
2017-06-05,74.13793103448276
2017-06-06,73.27586206896551
2017-06-07,72.84482758620689
2017-06-08,73.0603448275862
2017-06-09,74.35344827586206
2017-06-12,77.15517241379311
2017-06-13,79.95689655172413
2017-06-14,81.25
2017-06-15,80.81896551724138
2017-06-16,80.17241379310344
2017-06-19,80.86021505376344
2017-06-20,78.70967741935485
2017-06-21,78.06451612903226
2017-06-22,75.05376344086021
2017-06-23,73.76344086021506
2017-06-26,73.9784946236559
2017-06-27,70.96774193548387
2017-06-28,71.82795698924731
2017-06-29,69.46236559139784
2017-06-30,68.60215053763442
2017-07-03,66.02150537634408
2017-07-05,66.66666666666666
2017-07-06,61.505376344086024
2017-07-07,61.0752688172043
2017-07-10,60.215053763440864
2017-07-11,58.49462365591398
2017-07-12,62.365591397849464
2017-07-13,63.2258064516129
2017-07-14,66.23655913978494
2017-07-17,68.38709677419355
2017-07-18,70.10752688172043
2017-07-19,72.47311827956989
2017-07-20,73.76344086021506
2017-07-21,74.6236559139785
2017-07-24,73.33333333333333
2017-07-25,73.9784946236559
2017-07-26,73.33333333333333
2017-07-27,73.33333333333333
2017-07-28,74.19354838709677
2017-07-31,73.33333333333333
2017-08-01,71.82795698924731
2017-08-02,69.89247311827957
2017-08-03,68.38709677419355
2017-08-04,68.81720430107528
2017-08-07,69.03225806451613
2017-08-08,67.52688172043011
2017-08-09,66.88172043010752
2017-08-10,61.935483870967744
2017-08-11,57.41935483870968
2017-08-14,56.98924731182796
2017-08-15,56.12903225806451
2017-08-16,57.204301075268816
2017-08-17,54.83870967741935
2017-08-18,50.967741935483865
2017-08-21,49.67741935483871
2017-08-22,48.817204301075265
2017-08-23,49.46236559139785
2017-08-24,47.74193548387097
2017-08-25,49.03225806451613
2017-08-28,49.89247311827957
2017-08-29,49.24731182795699
2017-08-30,49.67741935483871
2017-08-31,52.473118279569896
2017-09-01,56.12903225806451
2017-09-05,57.41935483870968
2017-09-06,58.27956989247311
2017-09-07,60.64516129032258
2017-09-08,62.1505376344086
2017-09-11,64.08602150537635
2017-09-12,68.38709677419355
2017-09-13,69.6774193548387
2017-09-14,70.10752688172043
2017-09-15,70.3225806451613
2017-09-18,70.96774193548387
2017-09-19,72.25806451612902
2017-09-20,72.25806451612902
2017-09-21,72.47311827956989
2017-09-22,71.82795698924731
2017-09-25,69.89247311827957
2017-09-26,69.89247311827957
2017-09-27,69.6774193548387
2017-09-28,69.46236559139784
2017-09-29,69.03225806451613
2017-10-02,70.53763440860214
2017-10-03,72.04301075268818
2017-10-04,73.33333333333333
2017-10-05,76.12903225806451
2017-10-06,77.63440860215054
2017-10-09,77.41935483870968
2017-10-10,78.06451612903226
2017-10-11,79.13978494623656
2017-10-12,80.86021505376344
2017-10-13,79.78494623655914
2017-10-16,80.86021505376344
2017-10-17,81.50537634408602
2017-10-18,80.86021505376344
2017-10-19,81.93548387096774
2017-10-20,82.36559139784946
2017-10-23,82.36559139784946
2017-10-24,81.0752688172043
2017-10-25,80.86021505376344
2017-10-26,78.70967741935485
2017-10-27,77.20430107526882
2017-10-30,77.41935483870968
2017-10-31,76.12903225806451
2017-11-01,75.6989247311828
2017-11-02,74.83870967741936
2017-11-03,73.33333333333333
2017-11-06,72.04301075268818
2017-11-07,71.82795698924731
2017-11-08,71.3978494623656
2017-11-09,70.53763440860214
2017-11-10,69.03225806451613
2017-11-13,68.38709677419355
2017-11-14,68.60215053763442
2017-11-15,66.23655913978494
2017-11-16,66.23655913978494
2017-11-17,66.23655913978494
2017-11-20,66.02150537634408
2017-11-21,66.88172043010752
2017-11-22,67.31182795698925
2017-11-24,67.74193548387096
2017-11-27,68.17204301075269
2017-11-28,70.3225806451613
2017-11-29,73.9784946236559
2017-11-30,77.84946236559139
2017-12-01,79.35483870967742
2017-12-04,79.78494623655914
2017-12-05,77.63440860215054
2017-12-06,75.48387096774194
2017-12-07,75.48387096774194
2017-12-08,75.48387096774194
2017-12-11,75.91397849462366
2017-12-12,76.55913978494624
2017-12-13,76.12903225806451
2017-12-14,74.6236559139785
2017-12-15,76.34408602150538
2017-12-18,77.41935483870968
2017-12-19,76.55913978494624
2017-12-20,74.19354838709677
2017-12-21,75.05376344086021
2017-12-22,75.05376344086021
2017-12-26,73.76344086021506
2017-12-27,73.11827956989248
2017-12-28,73.33333333333333
2017-12-29,73.76344086021506
2018-01-02,73.76344086021506
2018-01-03,75.26881720430107
2018-01-04,76.98924731182795
2018-01-05,78.06451612903226
2018-01-08,80.64516129032258
2018-01-09,81.0752688172043
2018-01-10,80.86021505376344
2018-01-11,82.15053763440861
2018-01-12,81.50537634408602
2018-01-16,81.29032258064515
2018-01-17,83.01075268817203
2018-01-18,83.01075268817203
2018-01-19,83.01075268817203
2018-01-22,83.22580645161291
2018-01-23,84.08602150537634
2018-01-24,83.65591397849462
2018-01-25,84.3010752688172
2018-01-26,85.16129032258064
2018-01-29,84.08602150537634
2018-01-30,83.44086021505376
2018-01-31,82.58064516129032
2018-02-01,79.78494623655914
2018-02-02,76.12903225806451
2018-02-05,66.88172043010752
2018-02-06,58.06451612903226
2018-02-07,49.57081545064378
2018-02-08,33.261802575107296
2018-02-09,25.321888412017167
2018-02-12,22.317596566523605
2018-02-13,21.67381974248927
2018-02-14,22.96137339055794
2018-02-15,26.609442060085836
2018-02-16,31.115879828326182
2018-02-20,33.47639484978541
2018-02-21,34.54935622317596
2018-02-22,35.407725321888414
2018-02-23,38.62660944206009
2018-02-26,45.92274678111588
2018-02-27,46.78111587982833
2018-02-28,45.493562231759654
2018-03-01,42.70386266094421
2018-03-02,41.41630901287554
2018-03-05,42.06008583690987
2018-03-06,44.20600858369099
2018-03-07,45.06437768240343
2018-03-08,48.283261802575105
2018-03-09,52.78969957081545
2018-03-12,54.93562231759657
2018-03-13,57.5107296137339
2018-03-14,58.15450643776824
2018-03-15,59.01287553648069
2018-03-16,60.08583690987125
2018-03-19,60.08583690987125
2018-03-20,59.65665236051502
2018-03-21,58.15450643776824
2018-03-22,51.716738197424895
2018-03-23,43.13304721030043
2018-03-26,41.201716738197426
2018-03-27,35.622317596566525
2018-03-28,33.047210300429185
2018-03-29,32.61802575107296
2018-04-02,29.613733905579398
2018-04-03,29.399141630901287
2018-04-04,30.472103004291846
2018-04-05,32.40343347639485
2018-04-06,30.686695278969957
2018-04-09,30.686695278969957
2018-04-10,32.61802575107296
2018-04-11,34.33476394849785
2018-04-12,35.407725321888414
2018-04-13,36.26609442060086
2018-04-16,40.987124463519315
2018-04-17,46.137339055793994
2018-04-18,52.36051502145923
2018-04-19,53.00429184549357
2018-04-20,53.862660944206006
2018-04-23,54.93562231759657
2018-04-24,52.57510729613733
2018-04-25,51.716738197424895
2018-04-26,50.0
2018-04-27,50.21459227467812
2018-04-30,50.42918454935622
2018-05-01,51.072961373390555
2018-05-02,48.497854077253216
2018-05-03,46.78111587982833
2018-05-04,48.06866952789699
2018-05-07,49.141630901287556
2018-05-08,51.072961373390555
2018-05-09,51.28755364806867
2018-05-10,55.5793991416309
2018-05-11,58.36909871244635
2018-05-14,61.1587982832618
2018-05-15,60.94420600858369
2018-05-16,61.1587982832618
2018-05-17,61.587982832618025
2018-05-18,61.80257510729614
2018-05-21,63.30472103004292
2018-05-22,64.37768240343348
2018-05-23,64.59227467811158
2018-05-24,65.02145922746782
2018-05-25,64.37768240343348
2018-05-29,62.66094420600859
2018-05-30,63.73390557939914
2018-05-31,60.30042918454935
2018-06-01,58.798283261802574
2018-06-04,60.72961373390557
2018-06-05,61.1587982832618
2018-06-06,64.59227467811158
2018-06-07,66.09442060085837
2018-06-08,68.45493562231759
2018-06-11,70.60085836909872
2018-06-12,72.53218884120172
2018-06-13,73.39055793991416
2018-06-14,75.10729613733905
2018-06-15,74.67811158798283
2018-06-18,73.39055793991416
2018-06-19,71.67381974248927
2018-06-20,69.95708154506438
2018-06-21,67.38197424892704
2018-06-22,67.59656652360515
2018-06-25,65.23605150214593
2018-06-26,62.231759656652365
2018-06-27,57.72532188841202
2018-06-28,53.21888412017167
2018-06-29,53.00429184549357
2018-07-02,52.14592274678112
2018-07-03,50.21459227467812
2018-07-05,50.21459227467812
2018-07-06,51.716738197424895
2018-07-09,55.15021459227468
2018-07-10,59.442060085836914
2018-07-11,60.30042918454935
2018-07-12,62.231759656652365
2018-07-13,64.16309012875536
2018-07-16,64.8068669527897
2018-07-17,67.16738197424893
2018-07-18,70.81545064377683
2018-07-19,71.45922746781116
2018-07-20,71.67381974248927
2018-07-23,70.60085836909872
2018-07-24,71.45922746781116
2018-07-25,71.88841201716738
2018-07-26,72.53218884120172
2018-07-27,72.53218884120172
2018-07-30,71.45922746781116
2018-07-31,70.3862660944206
2018-08-01,68.88412017167383
2018-08-02,69.95708154506438
2018-08-03,70.17167381974248
2018-08-06,71.67381974248927
2018-08-07,73.60515021459227
2018-08-08,74.2489270386266
2018-08-09,74.67811158798283
2018-08-10,73.60515021459227
2018-08-13,71.67381974248927
2018-08-14,70.3862660944206
2018-08-15,68.88412017167383
2018-08-16,69.09871244635193
2018-08-17,68.02575107296137
2018-08-20,69.09871244635193
2018-08-21,71.24463519313305
2018-08-22,70.81545064377683
2018-08-23,70.60085836909872
2018-08-24,71.45922746781116
2018-08-27,73.60515021459227
2018-08-28,75.32188841201717
2018-08-29,76.1802575107296
2018-08-30,76.1802575107296
2018-08-31,75.53648068669528
2018-09-04,74.89270386266095
2018-09-05,74.46351931330472
2018-09-06,74.67811158798283
2018-09-07,73.8197424892704
2018-09-10,72.74678111587983
2018-09-11,72.1030042918455
2018-09-12,72.96137339055794
2018-09-13,72.53218884120172
2018-09-14,73.17596566523605
2018-09-17,71.88841201716738
2018-09-18,72.3175965665236
2018-09-19,72.53218884120172
2018-09-20,73.17596566523605
2018-09-21,73.17596566523605
2018-09-24,72.3175965665236
2018-09-25,69.52789699570815
2018-09-26,65.45064377682404
2018-09-27,63.30472103004292
2018-09-28,61.37339055793991
2018-10-01,60.08583690987125
2018-10-02,59.01287553648069
2018-10-03,56.437768240343345
2018-10-04,54.29184549356223
2018-10-05,51.28755364806867
2018-10-08,50.42918454935622
2018-10-09,48.497854077253216
2018-10-10,40.128755364806864
2018-10-11,25.321888412017167
2018-10-12,21.030042918454935
2018-10-15,17.811158798283262
2018-10-16,19.098712446351932
2018-10-17,19.95708154506438
2018-10-18,19.098712446351932
2018-10-19,19.313304721030043
2018-10-22,18.025751072961373
2018-10-23,17.59656652360515
2018-10-24,16.09442060085837
2018-10-25,15.879828326180256
2018-10-26,15.450643776824036
2018-10-29,15.879828326180256
2018-10-30,16.738197424892704
2018-10-31,17.167381974248926
2018-11-01,18.88412017167382
2018-11-02,19.742489270386265
2018-11-05,22.532188841201716
2018-11-06,27.467811158798284
2018-11-07,35.407725321888414
2018-11-08,42.48927038626609
2018-11-09,47.21030042918455
2018-11-12,46.56652360515021
2018-11-13,45.70815450643777
2018-11-14,44.20600858369099
2018-11-15,45.06437768240343
2018-11-16,47.42489270386266
2018-11-19,46.137339055793994
2018-11-20,43.13304721030043
2018-11-21,40.557939914163086
2018-11-23,39.48497854077253
2018-11-26,39.91416309012876
2018-11-27,41.201716738197426
2018-11-28,45.92274678111588
2018-11-29,47.63948497854077
2018-11-30,53.43347639484979
2018-12-03,59.65665236051502
2018-12-04,56.22317596566524
2018-12-06,54.506437768240346
2018-12-07,46.3519313304721
2018-12-10,42.48927038626609
2018-12-11,37.98283261802575
2018-12-12,37.1244635193133
2018-12-13,35.622317596566525
2018-12-14,30.90128755364807
2018-12-17,24.463519313304722
2018-12-18,19.098712446351932
2018-12-19,15.879828326180256
2018-12-20,12.231759656652361
2018-12-21,9.012875536480687
2018-12-24,4.935622317596566
2018-12-26,3.004291845493562
2018-12-27,3.2188841201716736
2018-12-28,3.862660944206009
2018-12-31,4.721030042918455
2019-01-02,5.36480686695279
2019-01-03,4.935622317596566
2019-01-04,6.223175965665236
2019-01-07,8.583690987124463
2019-01-08,12.875536480686694
2019-01-09,17.381974248927037
2019-01-10,24.463519313304722
2019-01-11,33.90557939914164
2019-01-14,40.987124463519315
2019-01-15,46.466809421841546
2019-01-16,51.17773019271949
2019-01-17,58.886509635974306
2019-01-18,70.66381156316916
2019-01-22,71.94860813704497
2019-01-23,74.51820128479658
2019-01-24,77.73019271948608
2019-01-25,79.87152034261243
2019-01-28,81.37044967880087
2019-01-29,83.72591006423983
2019-01-30,84.36830835117773
2019-01-31,86.50963597430406
2019-02-01,88.22269807280514
2019-02-04,89.93576017130621
2019-02-05,90.5781584582441
2019-02-06,91.00642398286938
2019-02-07,91.22055674518201
2019-02-08,91.43468950749465
2019-02-11,90.36402569593149
2019-02-12,90.5781584582441
2019-02-13,90.79229122055675
2019-02-14,91.00642398286938
2019-02-15,92.29122055674517
2019-02-19,92.71948608137045
2019-02-20,93.36188436830835
2019-02-21,93.36188436830835
2019-02-22,92.71948608137045
2019-02-25,93.36188436830835
2019-02-26,93.14775160599572
2019-02-27,92.07708779443254
2019-02-28,91.64882226980728
2019-03-01,92.29122055674517
2019-03-04,91.64882226980728
2019-03-05,89.93576017130621
2019-03-06,88.0085653104925
2019-03-07,85.4389721627409
2019-03-08,83.08351177730194
2019-03-11,82.44111349036403
2019-03-12,81.37044967880087
2019-03-13,82.44111349036403
2019-03-14,81.37044967880087
2019-03-15,81.15631691648822
2019-03-18,81.5845824411135
2019-03-19,81.37044967880087
2019-03-20,78.80085653104925
2019-03-21,78.37259100642399
2019-03-22,76.65952890792292
2019-03-25,74.08993576017131
2019-03-26,72.59100642398288
2019-03-27,71.73447537473233
2019-03-28,71.09207708779444
2019-03-29,72.37687366167023
2019-04-01,77.08779443254818
2019-04-02,78.58672376873662
2019-04-03,80.29978586723769
2019-04-04,82.65524625267666
2019-04-05,85.01070663811564
2019-04-08,86.29550321199143
2019-04-09,85.86723768736617
2019-04-10,86.29550321199143
2019-04-11,86.29550321199143
2019-04-12,87.79443254817987
2019-04-15,87.15203426124198
2019-04-16,85.47008547008546
2019-04-17,81.02345415778251
2019-04-18,79.1044776119403
2019-04-22,77.18550106609808
2019-04-23,75.90618336886993
2019-04-24,76.11940298507463
2019-04-25,74.8936170212766
2019-04-26,75.53191489361703
2019-04-29,75.95744680851064
2019-04-30,76.59574468085107
2019-05-01,75.74468085106383
2019-05-02,73.61702127659574
2019-05-03,73.82978723404256
2019-05-06,74.04255319148936
2019-05-07,70.42553191489361
2019-05-08,66.38297872340425
2019-05-09,62.12765957446808
2019-05-10,62.34042553191489
2019-05-13,56.59574468085107
2019-05-14,52.55319148936171
2019-05-15,49.787234042553195
2019-05-16,49.787234042553195
2019-05-17,48.93617021276596
2019-05-20,47.02127659574468
2019-05-21,48.93617021276596
2019-05-22,49.787234042553195
2019-05-23,47.23404255319149
2019-05-24,45.744680851063826
2019-05-28,44.46808510638298
2019-05-29,41.27659574468085
2019-05-30,38.72340425531915
2019-05-31,37.02127659574468
2019-06-03,35.74468085106383
2019-06-04,38.297872340425535
2019-06-05,40.638297872340424
2019-06-06,44.46808510638298
2019-06-07,47.23404255319149
2019-06-10,52.12765957446809
2019-06-11,56.17021276595745
2019-06-12,57.87234042553191
2019-06-13,62.12765957446808
2019-06-14,64.46808510638297
2019-06-17,65.18046709129511
2019-06-18,68.15286624203821
2019-06-19,72.1868365180467
2019-06-20,75.79617834394905
2019-06-21,79.19320594479831
2019-06-24,78.98089171974523
2019-06-25,79.19320594479831
2019-06-26,78.76857749469215
2019-06-27,78.76857749469215
2019-06-28,80.04246284501062
2019-07-01,81.5677966101695
2019-07-02,83.6864406779661
2019-07-03,85.38135593220339
2019-07-05,86.22881355932203
2019-07-08,86.22881355932203
2019-07-09,86.01694915254238
2019-07-10,86.86440677966102
2019-07-11,85.80508474576271
2019-07-12,86.01694915254238
2019-07-15,86.01694915254238
2019-07-16,86.22881355932203
2019-07-17,85.16949152542372
2019-07-18,83.29809725158562
2019-07-19,82.4524312896406
2019-07-22,79.9154334038055
2019-07-23,79.70401691331924
2019-07-24,79.9154334038055
2019-07-25,78.64693446088795
2019-07-26,77.58985200845666
2019-07-29,76.32135306553911
2019-07-30,74.20718816067652
2019-07-31,71.67019027484145
2019-08-01,68.28752642706131
2019-08-02,61.52219873150106
2019-08-05,49.89429175475687
2019-08-06,43.34038054968288
2019-08-07,39.95771670190275
2019-08-08,41.43763213530655
2019-08-09,41.014799154334035
2019-08-12,40.38054968287527
2019-08-13,40.803382663847785
2019-08-14,37.420718816067655
2019-08-15,35.517970401691336
2019-08-16,36.57505285412262
2019-08-19,39.53488372093023
2019-08-20,41.43763213530655
2019-08-21,44.18604651162791
2019-08-22,46.93446088794926
2019-08-23,43.34038054968288
2019-08-26,42.917547568710354
2019-08-27,43.34038054968288
2019-08-28,43.551797040169134
2019-08-29,45.87737843551797
2019-08-30,46.088794926004226
2019-09-03,46.30021141649049
2019-09-04,47.99154334038055
2019-09-05,51.58562367864693
2019-09-06,54.96828752642706
2019-09-09,62.579281183932345
2019-09-10,67.65327695560254
2019-09-11,69.3446088794926
2019-09-12,70.61310782241014
2019-09-13,74.20718816067652
2019-09-16,75.68710359408034
2019-09-17,78.64693446088795
2019-09-18,79.70401691331924
2019-09-19,79.06976744186046
2019-09-20,78.43551797040169
2019-09-23,77.16701902748414
2019-09-24,76.10993657505286
2019-09-25,75.05285412262155
2019-09-26,73.36152219873149
2019-09-27,70.40169133192389
2019-09-30,69.97885835095138
2019-10-01,65.53911205073996
2019-10-02,57.082452431289646
2019-10-03,50.10570824524313
2019-10-04,47.99154334038055
2019-10-07,44.397463002114165
2019-10-08,39.112050739957716
2019-10-09,36.57505285412262
2019-10-10,37.2093023255814
2019-10-11,40.59196617336152
2019-10-14,42.706131078224104
2019-10-15,46.30021141649049
2019-10-16,49.471458773784356
2019-10-17,53.911205073995774
2019-10-18,57.2938689217759
2019-10-21,58.56236786469344
2019-10-22,59.830866807610995
2019-10-23,59.40803382663847
2019-10-24,60.970464135021096
2019-10-25,62.65822784810127
2019-10-28,63.50210970464135
2019-10-29,66.03375527426161
2019-10-30,66.87763713080169
2019-10-31,68.35443037974683
2019-11-01,67.9324894514768
2019-11-04,67.72151898734177
2019-11-05,67.08860759493672
2019-11-06,67.08860759493672
2019-11-07,67.9324894514768
2019-11-08,67.51054852320675
2019-11-11,67.29957805907173
2019-11-12,67.72151898734177
2019-11-13,68.77637130801688
2019-11-14,69.40928270042194
2019-11-15,69.62025316455697
2019-11-18,71.09704641350211
2019-11-19,71.72995780590718
2019-11-20,71.72995780590718
2019-11-21,71.51898734177216
2019-11-22,70.67510548523207
2019-11-25,71.94092827004219
2019-11-26,72.78481012658227
2019-11-27,73.62869198312237
2019-11-29,74.0506329113924
2019-12-02,73.41772151898735
2019-12-03,71.30801687763713
2019-12-04,70.46413502109705
2019-12-05,68.9873417721519
2019-12-06,70.042194092827
2019-12-09,70.25316455696202
2019-12-10,69.83122362869199
2019-12-11,69.40928270042194
2019-12-12,70.25316455696202
2019-12-13,72.15189873417721
2019-12-16,73.20675105485233
2019-12-17,73.41772151898735
2019-12-18,74.68354430379746
2019-12-19,76.37130801687763
2019-12-20,78.27004219409282
2019-12-23,80.16877637130801
2019-12-24,79.957805907173
2019-12-26,80.59071729957806
2019-12-27,80.80168776371308
2019-12-30,81.0126582278481
2019-12-31,80.80168776371308
2020-01-02,81.64556962025317
2020-01-03,81.0126582278481
2020-01-06,81.43459915611815
2020-01-07,79.74683544303798
2020-01-08,78.05907172995781
2020-01-09,78.69198312236287
2020-01-10,77.42616033755274
2020-01-13,78.90295358649789
2020-01-14,78.69198312236287
2020-01-15,79.11392405063292
2020-01-16,80.59071729957806
2020-01-17,82.48945147679325
2020-01-21,83.12236286919831
2020-01-22,83.12236286919831
2020-01-23,82.27848101265823
2020-01-24,78.27004219409282
2020-01-27,73.20675105485233
2020-01-28,71.09704641350211
2020-01-29,68.35443037974683
2020-01-30,65.61181434599156
2020-01-31,60.12658227848101
2020-02-03,56.118143459915615
2020-02-04,58.016877637130804
2020-02-05,60.970464135021096
2020-02-06,63.50210970464135
2020-02-07,62.447257383966246
2020-02-10,63.92405063291139
2020-02-11,65.40084388185655
2020-02-12,67.9324894514768
2020-02-13,69.19831223628692
2020-02-14,70.67510548523207
2020-02-18,71.09704641350211
2020-02-19,70.46413502109705
2020-02-20,71.09704641350211
2020-02-21,68.77637130801688
2020-02-24,62.869198312236286
2020-02-25,51.26582278481012
2020-02-26,41.983122362869196
2020-02-27,29.535864978902953
2020-02-28,17.51054852320675
2020-03-02,14.135021097046414
2020-03-03,11.181434599156118
2020-03-04,14.135021097046414
2020-03-05,15.400843881856542
2020-03-06,14.978902953586498
2020-03-09,9.915611814345992
2020-03-10,9.282700421940929
2020-03-11,6.5400843881856545
2020-03-12,2.9535864978902953
2020-03-13,3.1645569620253164
2020-03-16,2.320675105485232
2020-03-17,2.5316455696202533
2020-03-18,2.5316455696202533
2020-03-19,2.5316455696202533
2020-03-20,2.7426160337552745
2020-03-23,1.6877637130801686
2020-03-24,1.89873417721519
2020-03-25,1.4767932489451476
2020-03-26,1.6877637130801686
2020-03-27,1.6877637130801686
2020-03-30,2.320675105485232
2020-03-31,2.7426160337552745
2020-04-01,3.5864978902953584
2020-04-02,5.063291139240507
2020-04-03,5.485232067510549
2020-04-06,7.59493670886076
2020-04-07,8.860759493670885
2020-04-08,14.345991561181433
2020-04-09,19.831223628691983
2020-04-13,24.47257383966245
2020-04-14,33.12236286919831
2020-04-15,37.34177215189873
2020-04-16,41.561181434599156
2020-04-17,51.0548523206751
2020-04-20,53.16455696202531
2020-04-21,52.109704641350206
2020-04-22,53.58649789029536
2020-04-23,53.58649789029536
2020-04-24,55.67226890756303
2020-04-27,60.29411764705882
2020-04-28,67.85714285714286
2020-04-29,75.84033613445378
2020-04-30,78.15126050420169
2020-05-01,75.42016806722688
2020-05-04,72.05882352941177
2020-05-05,69.9579831932773
2020-05-06,67.43697478991596
2020-05-07,67.43697478991596
2020-05-08,69.9579831932773
2020-05-11,71.00840336134453
2020-05-12,68.4873949579832
2020-05-13,64.07563025210085
2020-05-14,60.50420168067227
2020-05-15,57.773109243697476
2020-05-18,61.97478991596639
2020-05-19,63.65546218487395
2020-05-20,67.01680672268907
2020-05-21,69.32773109243698
2020-05-22,70.16806722689076
2020-05-26,76.47058823529412
2020-05-27,82.35294117647058
2020-05-28,86.76470588235294
2020-05-29,90.12605042016807
2020-06-01,93.0672268907563
2020-06-02,95.37815126050421
2020-06-03,96.84873949579831
2020-06-04,96.42857142857143
2020-06-05,96.84873949579831
2020-06-08,97.26890756302521
2020-06-09,97.47899159663865
2020-06-10,96.84873949579831
2020-06-11,95.7983193277311
2020-06-12,93.90756302521008
2020-06-15,92.22689075630252
2020-06-16,91.59663865546219
2020-06-17,91.59663865546219
2020-06-18,90.75630252100841
2020-06-19,87.81512605042016
2020-06-22,84.66386554621849
2020-06-23,80.25210084033614
2020-06-24,73.94957983193278
2020-06-25,70.37815126050421
2020-06-26,60.50420168067227
2020-06-29,57.98319327731093
2020-06-30,57.98319327731093
2020-07-01,58.61344537815126
2020-07-02,59.45378151260504
2020-07-06,63.23529411764706
2020-07-07,63.65546218487395
2020-07-08,61.76470588235294
2020-07-09,57.773109243697476
2020-07-10,57.56302521008403
2020-07-13,57.98319327731093
2020-07-14,60.71428571428571
2020-07-15,65.54621848739495
2020-07-16,69.74789915966386
2020-07-17,72.89915966386555
2020-07-20,73.52941176470588
2020-07-21,75.63025210084034
2020-07-22,78.15126050420169
2020-07-23,79.2016806722689
2020-07-24,78.57142857142857
2020-07-27,79.2016806722689
2020-07-28,78.99159663865547
2020-07-29,81.09243697478992
2020-07-30,79.62184873949579
2020-07-31,79.62184873949579
2020-08-03,78.15126050420169
2020-08-04,77.31092436974791
2020-08-05,77.73109243697479
2020-08-06,78.36134453781513
2020-08-07,80.25210084033614
2020-08-10,81.9327731092437
2020-08-11,82.14285714285714
2020-08-12,82.35294117647058
2020-08-13,81.9327731092437
2020-08-14,82.14285714285714
2020-08-17,81.30252100840336
2020-08-18,80.88235294117648
2020-08-19,80.46218487394958
2020-08-20,78.15126050420169
2020-08-21,76.05042016806722
2020-08-24,76.47058823529412
2020-08-25,75.84033613445378
2020-08-26,75.0
2020-08-27,75.84033613445378
2020-08-28,77.31092436974791
2020-08-31,77.10084033613445
2020-09-01,76.47058823529412
2020-09-02,78.36134453781513
2020-09-03,76.47058823529412
2020-09-04,74.36974789915966
2020-09-08,68.4873949579832
2020-09-09,66.17647058823529
2020-09-10,62.18487394957983
2020-09-11,59.03361344537815
2020-09-14,57.98319327731093
2020-09-15,58.82352941176471
2020-09-16,60.50420168067227
2020-09-17,58.61344537815126
2020-09-18,56.51260504201681
2020-09-21,51.470588235294116
2020-09-22,45.378151260504204
2020-09-23,39.49579831932773
2020-09-24,32.142857142857146
2020-09-25,31.30252100840336
2020-09-28,34.03361344537815
2020-09-29,35.924369747899156
2020-09-30,37.81512605042017
2020-10-01,42.436974789915965
2020-10-02,44.11764705882353
2020-10-05,50.84033613445378
2020-10-06,54.621848739495796
2020-10-07,58.82352941176471
2020-10-08,65.75630252100841
2020-10-09,73.31932773109243
2020-10-12,77.10084033613445
2020-10-13,80.0420168067227
2020-10-14,80.46218487394958
2020-10-15,80.0420168067227
2020-10-16,80.25210084033614
2020-10-19,77.52100840336135
2020-10-20,76.05042016806722
2020-10-21,74.78991596638656
2020-10-22,73.94957983193278
2020-10-23,74.36974789915966
2020-10-26,70.58823529411765
2020-10-27,64.70588235294117
2020-10-28,53.78151260504202
2020-10-29,47.689075630252105
2020-10-30,39.705882352941174
2020-11-02,38.865546218487395
2020-11-03,44.11764705882353
2020-11-04,49.266247379454924
2020-11-05,54.088050314465406
2020-11-06,59.329140461215935
2020-11-09,66.87631027253668
2020-11-10,74.0041928721174
2020-11-11,76.31027253668763
2020-11-12,77.9874213836478
2020-11-13,81.34171907756813
2020-11-16,83.43815513626835
2020-11-17,84.0670859538784
2020-11-18,84.69601677148847
2020-11-19,85.1153039832285
2020-11-20,84.48637316561845
2020-11-23,82.59958071278825
2020-11-24,83.01886792452831
2020-11-25,82.38993710691824
2020-11-27,81.9706498951782
2020-11-30,82.59958071278825
2020-12-01,81.9706498951782
2020-12-02,82.59958071278825
2020-12-03,82.18029350104821
2020-12-04,83.22851153039832
2020-12-07,83.43815513626835
2020-12-08,83.43815513626835
2020-12-09,80.50314465408806
2020-12-10,79.45492662473794
2020-12-11,79.03563941299791
2020-12-14,76.51991614255765
2020-12-15,78.61635220125787
2020-12-16,78.82599580712788
2020-12-17,80.29350104821803
2020-12-18,82.18029350104821
2020-12-21,81.76100628930818
2020-12-22,79.24528301886792
2020-12-23,77.77777777777779
2020-12-24,78.82599580712788
2020-12-28,79.03563941299791
2020-12-29,77.9874213836478
2020-12-30,78.61635220125787
2020-12-31,79.03563941299791
2021-01-04,77.35849056603774
2021-01-05,75.05241090146751
2021-01-06,78.61635220125787
2021-01-07,79.66457023060796
2021-01-08,79.87421383647799
2021-01-11,79.24528301886792
2021-01-12,79.03563941299791
2021-01-13,78.19706498951781
2021-01-14,77.14884696016772
2021-01-15,75.73221757322176
2021-01-19,75.5741127348643
2021-01-20,77.03549060542797
2021-01-21,77.8705636743215
2021-01-22,76.61795407098121
2021-01-25,75.5741127348643
2021-01-26,74.11273486430062
2021-01-27,66.80584551148226
2021-01-28,64.50939457202504
2021-01-29,58.037578288100214
2021-02-01,54.90605427974948
2021-02-02,55.94989561586638
2021-02-03,55.53235908141963
2021-02-04,57.62004175365344
2021-02-05,62.421711899791234
2021-02-08,65.34446764091858
2021-02-09,68.26722338204593
2021-02-10,70.56367432150313
2021-02-11,71.81628392484343
2021-02-12,74.53027139874739
2021-02-16,73.69519832985387
2021-02-17,72.65135699373695
2021-02-18,72.65135699373695
2021-02-19,70.77244258872652
2021-02-22,69.10229645093946
2021-02-23,68.05845511482255
2021-02-24,67.84968684759917
2021-02-25,65.1356993736952
2021-02-26,61.5866388308977
2021-03-01,60.96033402922756
2021-03-02,60.125260960334025
2021-03-03,58.872651356993735
2021-03-04,56.36743215031316
2021-03-05,57.41127348643006
2021-03-08,57.62004175365344
2021-03-09,59.49895615866389
2021-03-10,62.63048016701461
2021-03-11,65.1356993736952
2021-03-12,68.26722338204593
2021-03-15,71.60751565762004
2021-03-16,73.48643006263048
2021-03-17,75.99164926931107
2021-03-18,76.66666666666667
2021-03-19,76.04166666666666
2021-03-22,77.29166666666667
2021-03-23,75.625
2021-03-24,75.625
2021-03-25,74.58333333333333
2021-03-26,78.75
2021-03-29,79.375
2021-03-30,79.375
2021-03-31,79.79166666666667
2021-04-01,81.875
2021-04-05,84.16666666666667
2021-04-06,87.5
2021-04-07,88.125
2021-04-08,88.95833333333333
2021-04-09,88.95833333333333
2021-04-12,89.16666666666667
2021-04-13,90.0
2021-04-14,90.83333333333333
2021-04-15,91.875
2021-04-16,92.29166666666667
2021-04-19,92.08333333333333
2021-04-20,90.20833333333333
2021-04-21,90.41666666666667
2021-04-22,88.54166666666666
2021-04-23,88.125
2021-04-26,89.58333333333334
2021-04-27,89.375
2021-04-28,90.0
2021-04-29,90.625
2021-04-30,89.375
2021-05-03,88.125
2021-05-04,85.20833333333333
2021-05-05,83.33333333333334
2021-05-06,81.04166666666667
2021-05-07,81.45833333333333
2021-05-10,80.625
2021-05-11,77.29166666666667
2021-05-12,73.33333333333333
2021-05-13,72.5
2021-05-14,72.5
2021-05-17,70.625
2021-05-18,70.20833333333333
2021-05-19,67.56756756756756
2021-05-20,66.59751037344398
2021-05-21,65.35269709543569
2021-05-24,66.39004149377593
2021-05-25,67.84232365145229
2021-05-26,68.67219917012449
2021-05-27,70.53941908713693
2021-05-28,73.02904564315352
2021-06-01,71.57676348547717
2021-06-02,71.16182572614107
2021-06-03,70.95435684647303
2021-06-04,72.19917012448133
2021-06-07,71.36929460580913
2021-06-08,69.70954356846472
2021-06-09,68.87966804979253
2021-06-10,68.46473029045643
2021-06-11,69.08713692946058
2021-06-14,66.39004149377593
2021-06-15,66.39004149377593
2021-06-16,63.27800829875518
2021-06-17,58.50622406639005
2021-06-18,53.52697095435685
2021-06-21,52.074688796680505
2021-06-22,50.20746887966805
2021-06-23,48.54771784232365
2021-06-24,48.3402489626556
2021-06-25,49.5850622406639
2021-06-28,50.20746887966805
2021-06-29,50.0
2021-06-30,50.20746887966805
2021-07-01,51.45228215767634
2021-07-02,52.69709543568465
2021-07-06,52.9045643153527
2021-07-07,52.4896265560166
2021-07-08,51.45228215767634
2021-07-09,54.149377593360995
2021-07-12,55.601659751037346
2021-07-13,55.809128630705395
2021-07-14,55.3941908713693
2021-07-15,55.18672199170125
2021-07-16,55.3941908713693
2021-07-19,49.79253112033195
2021-07-20,50.20746887966805
2021-07-21,50.4149377593361
2021-07-22,50.829875518672196
2021-07-23,53.7344398340249
2021-07-26,55.601659751037346
2021-07-27,56.016597510373444
2021-07-28,57.26141078838174
2021-07-29,58.713692946058096
2021-07-30,59.75103734439834
2021-08-02,59.33609958506224
2021-08-03,60.37344398340249
2021-08-04,59.54356846473029
2021-08-05,61.41078838174274
2021-08-06,61.82572614107884
2021-08-09,63.27800829875518
2021-08-10,65.14522821576763
2021-08-11,67.84232365145229
2021-08-12,69.08713692946058
2021-08-13,69.91701244813278
2021-08-16,70.53941908713693
2021-08-17,69.50207468879668
2021-08-18,68.04979253112033
2021-08-19,65.35269709543569
2021-08-20,64.52282157676349
2021-08-23,64.10788381742739
2021-08-24,64.93775933609959
2021-08-25,66.39004149377593
2021-08-26,67.21991701244814
2021-08-27,68.25726141078839
2021-08-30,70.33195020746888
2021-08-31,70.33195020746888
2021-09-01,70.53941908713693
2021-09-02,71.63561076604555
2021-09-03,71.63561076604555
2021-09-07,67.90890269151139
2021-09-08,66.66666666666666
2021-09-09,64.80331262939958
2021-09-10,59.8343685300207
2021-09-13,59.006211180124225
2021-09-14,54.6583850931677
2021-09-15,53.20910973084886
2021-09-16,52.79503105590062
2021-09-17,51.13871635610766
2021-09-20,44.51345755693582
2021-09-21,38.923395445134574
2021-09-22,38.095238095238095
2021-09-23,39.33747412008282
2021-09-24,43.064182194616976
2021-09-27,43.2712215320911
2021-09-28,40.57971014492754
2021-09-29,38.095238095238095
2021-09-30,33.33333333333333
2021-10-01,33.126293995859214
2021-10-04,31.05590062111801
2021-10-05,31.262939958592135
2021-10-06,31.88405797101449
2021-10-07,34.161490683229815
2021-10-08,36.85300207039337
2021-10-11,39.130434782608695
2021-10-12,38.302277432712216
2021-10-13,40.165631469979296
2021-10-14,43.68530020703933
2021-10-15,47.82608695652174
2021-10-18,50.931677018633536
2021-10-19,55.27950310559007
2021-10-20,60.66252587991718
2021-10-21,66.25258799171843
2021-10-22,68.94409937888199
2021-10-25,71.2215320910973
2021-10-26,71.84265010351967
2021-10-27,71.63561076604555
2021-10-28,73.08488612836439
2021-10-29,71.42857142857143
2021-11-01,72.67080745341616
2021-11-02,72.67080745341616
2021-11-03,74.94824016563147
2021-11-04,75.36231884057972
2021-11-05,76.19047619047619
2021-11-08,77.84679089026915
2021-11-09,77.63975155279503
2021-11-10,76.81159420289855
2021-11-11,77.4327122153209
2021-11-12,78.67494824016563
2021-11-15,79.08902691511386
2021-11-16,78.88198757763976
2021-11-17,76.60455486542443
2021-11-18,73.08488612836439
2021-11-19,69.97929606625259
2021-11-22,68.73706004140787
2021-11-23,67.70186335403726
2021-11-24,66.87370600414079
2021-11-26,61.904761904761905
2021-11-29,59.62732919254658
2021-11-30,50.5175983436853
2021-12-01,41.61490683229814
2021-12-02,39.54451345755693
2021-12-03,38.095238095238095
2021-12-06,39.54451345755693
2021-12-07,42.857142857142854
2021-12-08,46.58385093167702
2021-12-09,49.06832298136646
2021-12-10,53.002070393374744
2021-12-13,54.24430641821946
2021-12-14,53.83022774327122
2021-12-15,54.24430641821946
2021-12-16,55.48654244306418
2021-12-17,53.002070393374744
2021-12-20,50.72463768115942
2021-12-21,51.345755693581786
2021-12-22,53.002070393374744
2021-12-23,54.45134575569358
2021-12-27,61.49068322981367
2021-12-28,66.0455486542443
2021-12-29,69.15113871635612
2021-12-30,71.63561076604555
2021-12-31,74.32712215320912
2022-01-03,75.15527950310559
2022-01-04,77.84679089026915
2022-01-05,78.05383022774328
2022-01-06,75.15527950310559
2022-01-07,74.12008281573499
2022-01-10,69.56521739130434
2022-01-11,67.90890269151139
2022-01-12,67.08074534161491
2022-01-13,64.38923395445134
2022-01-14,62.52587991718427
2022-01-18,58.7991718426501
2022-01-19,53.002070393374744
2022-01-20,48.24016563146998
2022-01-21,41.821946169772254
2022-01-24,38.50931677018634
2022-01-25,36.024844720496894
2022-01-26,32.091097308488614
2022-01-27,28.57142857142857
2022-01-28,29.39958592132505
2022-01-31,30.641821946169774
2022-02-01,30.641821946169774
2022-02-02,32.91925465838509
2022-02-03,34.57556935817806
2022-02-04,34.57556935817806
2022-02-07,36.024844720496894
2022-02-08,38.50931677018634
2022-02-09,40.165631469979296
2022-02-10,41.61490683229814
2022-02-11,39.958592132505174
2022-02-14,38.71635610766045
2022-02-15,38.923395445134574
2022-02-16,40.78674948240166
2022-02-17,39.958592132505174
2022-02-18,37.88819875776397
2022-02-22,34.78260869565217
2022-02-23,31.469979296066253
2022-02-24,29.338842975206614
2022-02-25,31.818181818181817
2022-02-28,32.438016528925615
2022-03-01,31.198347107438018
2022-03-02,32.85123966942149
2022-03-03,33.67768595041322
2022-03-04,35.12396694214876
2022-03-07,33.057851239669425
2022-03-08,30.785123966942145
2022-03-09,30.785123966942145
2022-03-10,32.02479338842975
2022-03-11,30.57851239669421
2022-03-14,29.545454545454547
2022-03-15,31.198347107438018
2022-03-16,33.67768595041322
2022-03-17,37.60330578512397
2022-03-18,43.595041322314046
2022-03-21,48.96694214876033
2022-03-22,53.925619834710744
2022-03-23,54.132231404958674
2022-03-24,57.02479338842975
2022-03-25,60.12396694214877
2022-03-28,62.8099173553719
2022-03-29,69.42148760330579
2022-03-30,72.93388429752066
2022-03-31,72.31404958677686
2022-04-01,71.900826446281
2022-04-04,72.10743801652893
2022-04-05,69.42148760330579
2022-04-06,68.18181818181817
2022-04-07,67.14876033057851
2022-04-08,65.28925619834712
2022-04-11,61.15702479338842
2022-04-12,57.438016528925615
2022-04-13,58.26446280991735
2022-04-14,56.81818181818182
2022-04-18,53.71900826446281
2022-04-19,54.54545454545454
2022-04-20,55.78512396694215
2022-04-21,56.19834710743802
2022-04-22,53.30578512396694
2022-04-25,50.20661157024794
2022-04-26,43.595041322314046
2022-04-27,40.70247933884297
2022-04-28,39.0495867768595
2022-04-29,33.057851239669425
2022-05-02,28.512396694214875
2022-05-03,26.239669421487605
2022-05-04,28.09917355371901
2022-05-05,27.27272727272727
2022-05-06,26.446280991735538
2022-05-09,22.520661157024794
2022-05-10,19.62809917355372
2022-05-11,16.94214876033058
2022-05-12,15.082644628099173
2022-05-13,14.87603305785124
2022-05-16,15.909090909090908
2022-05-17,17.56198347107438
2022-05-18,17.355371900826448
2022-05-19,16.115702479338843
2022-05-20,15.289256198347106
2022-05-23,15.702479338842975
2022-05-24,16.32231404958678
2022-05-25,18.801652892561986
2022-05-26,22.520661157024794
2022-05-27,27.27272727272727
2022-05-31,32.64462809917356
2022-06-01,36.77685950413223
2022-06-02,42.561983471074385
2022-06-03,46.28099173553719
2022-06-06,48.34710743801653
2022-06-07,54.132231404958674
2022-06-08,53.925619834710744
2022-06-09,49.17355371900827
2022-06-10,36.15702479338843
2022-06-13,21.487603305785125
2022-06-14,14.87603305785124
2022-06-15,11.15702479338843
2022-06-16,7.231404958677685
2022-06-17,4.958677685950414
2022-06-21,3.512396694214876
2022-06-22,3.3057851239669422
2022-06-23,4.545454545454546
2022-06-24,8.057851239669422
2022-06-27,11.570247933884298
2022-06-28,13.636363636363635
2022-06-29,15.702479338842975
2022-06-30,16.115702479338843
2022-07-01,17.355371900826448
2022-07-05,18.801652892561986
2022-07-06,21.487603305785125
2022-07-07,26.446280991735538
2022-07-08,28.09917355371901
2022-07-11,29.75206611570248
2022-07-12,30.165289256198346
2022-07-13,28.305785123966942
2022-07-14,26.65289256198347
2022-07-15,26.859504132231404
2022-07-18,27.066115702479337
2022-07-19,31.198347107438018
2022-07-20,37.8099173553719
2022-07-21,47.107438016528924
2022-07-22,52.892561983471076
2022-07-25,59.29752066115702
2022-07-26,62.396694214876035
2022-07-27,67.56198347107438
2022-07-28,74.58677685950413
2022-07-29,79.33884297520662
2022-08-01,80.99173553719008
2022-08-02,82.43801652892562
2022-08-03,82.64462809917356
2022-08-04,82.43801652892562
2022-08-05,82.23140495867769
2022-08-08,83.67768595041323
2022-08-09,82.43801652892562
2022-08-10,84.71074380165288
2022-08-11,86.57024793388429
2022-08-12,89.0495867768595
2022-08-15,90.28925619834712
2022-08-16,91.32231404958677
2022-08-17,91.52892561983471
2022-08-18,91.73553719008265
2022-08-19,91.11570247933885
2022-08-22,89.87603305785123
2022-08-23,86.77685950413223
2022-08-24,85.53719008264463
2022-08-25,84.71074380165288
2022-08-26,78.099173553719
2022-08-29,72.72727272727273
2022-08-30,61.77685950413223
2022-08-31,52.27272727272727
2022-09-01,46.90082644628099
2022-09-02,39.46280991735537
2022-09-06,33.67768595041322
2022-09-07,35.9504132231405
2022-09-08,37.39669421487603
2022-09-09,40.909090909090914
2022-09-12,46.90082644628099
2022-09-13,41.11570247933884
2022-09-14,38.22314049586777
2022-09-15,35.12396694214876
2022-09-16,30.991735537190085
2022-09-19,29.75206611570248
2022-09-20,26.239669421487605
2022-09-21,21.280991735537192
2022-09-22,16.528925619834713
2022-09-23,11.15702479338843
2022-09-26,7.43801652892562
2022-09-27,5.371900826446281
2022-09-28,5.785123966942149
2022-09-29,5.371900826446281
2022-09-30,4.338842975206612
2022-10-03,5.371900826446281
2022-10-04,6.8181818181818175
2022-10-05,10.537190082644628
2022-10-06,14.669421487603307
2022-10-07,14.87603305785124
2022-10-10,15.289256198347106
2022-10-11,15.082644628099173
2022-10-12,15.289256198347106
2022-10-13,15.702479338842975
2022-10-14,14.669421487603307
2022-10-17,17.148760330578515
2022-10-18,21.280991735537192
2022-10-19,23.96694214876033
2022-10-20,24.380165289256198
2022-10-21,29.132231404958674
2022-10-24,32.438016528925615
2022-10-25,39.0495867768595
2022-10-26,45.45454545454545
2022-10-27,52.27272727272727
2022-10-28,59.917355371900825
2022-10-31,64.46280991735537
2022-11-01,67.14876033057851
2022-11-02,65.9090909090909
2022-11-03,65.08264462809917
2022-11-04,66.32231404958677
2022-11-07,66.94214876033058
2022-11-08,68.38842975206612
2022-11-09,67.56198347107438
2022-11-10,75.20661157024794
2022-11-11,80.16528925619835
2022-11-14,81.19834710743802
2022-11-15,83.26446280991735
2022-11-16,85.12396694214877
2022-11-17,84.50413223140497
2022-11-18,84.50413223140497
2022-11-21,84.0909090909091
2022-11-22,86.15702479338843
2022-11-23,88.01652892561982
2022-11-25,89.6694214876033
2022-11-28,89.0495867768595
2022-11-29,88.84297520661157
2022-11-30,90.08264462809917
2022-12-01,89.46280991735537
2022-12-02,89.46280991735537
2022-12-05,88.63636363636364
2022-12-06,85.53719008264463
2022-12-07,82.85123966942149
2022-12-08,82.23140495867769
2022-12-09,80.16528925619835
2022-12-12,79.13223140495867
2022-12-13,78.71900826446281
2022-12-14,76.65289256198346
2022-12-15,73.7603305785124
2022-12-16,67.76859504132231
2022-12-19,57.64462809917356
2022-12-20,51.446280991735534
2022-12-21,50.20661157024794
2022-12-22,46.074380165289256
2022-12-23,45.24793388429752
2022-12-27,44.83471074380165
2022-12-28,41.32231404958678
2022-12-29,42.35537190082644
2022-12-30,42.561983471074385
2023-01-03,40.909090909090914
2023-01-04,42.14876033057851
2023-01-05,41.735537190082646
2023-01-06,47.93388429752066
2023-01-09,52.066115702479344
2023-01-10,58.67768595041323
2023-01-11,64.6694214876033
2023-01-12,68.80165289256198
2023-01-13,71.900826446281
2023-01-17,74.79338842975206
2023-01-18,73.34710743801654
2023-01-19,69.42148760330579
2023-01-20,68.80165289256198
2023-01-23,71.07438016528926
2023-01-24,71.95876288659794
2023-01-25,71.54639175257732
2023-01-26,72.57731958762886
2023-01-27,73.19587628865979
2023-01-30,72.98969072164948
2023-01-31,74.22680412371135
2023-02-01,75.4639175257732
2023-02-02,74.84536082474227
2023-02-03,74.63917525773196
2023-02-06,74.02061855670104
2023-02-07,75.4639175257732
2023-02-08,72.57731958762886
2023-02-09,70.9278350515464
2023-02-10,69.89690721649484
2023-02-13,70.72164948453609
2023-02-14,71.1340206185567
2023-02-15,70.72164948453609
2023-02-16,69.69072164948453
2023-02-17,68.65979381443299
2023-02-21,62.68041237113402
2023-02-22,58.14432989690722
2023-02-23,55.05154639175258
2023-02-24,50.72164948453608
2023-02-27,45.97938144329897
2023-02-28,42.2680412371134
2023-03-01,38.96907216494846
2023-03-02,38.144329896907216
2023-03-03,40.824742268041234
2023-03-06,41.03092783505154
2023-03-07,39.381443298969074
2023-03-08,37.52577319587629
2023-03-09,33.4020618556701
2023-03-10,25.979381443298973
2023-03-13,22.061855670103093
2023-03-14,21.443298969072163
2023-03-15,20.618556701030926
2023-03-16,21.855670103092784
2023-03-17,20.412371134020617
2023-03-20,22.061855670103093
2023-03-21,23.711340206185564
2023-03-22,22.474226804123713
2023-03-23,22.88659793814433
2023-03-24,23.917525773195877
2023-03-27,24.948453608247423
2023-03-28,25.36082474226804
2023-03-29,27.835051546391753
2023-03-30,31.1340206185567
2023-03-31,39.381443298969074
2023-04-03,45.36082474226804
2023-04-04,49.48453608247423
2023-04-05,51.340206185567006
2023-04-06,52.57731958762887
2023-04-10,54.63917525773196
2023-04-11,58.35051546391753
2023-04-12,58.76288659793815
2023-04-13,60.618556701030926
2023-04-14,62.47422680412371
2023-04-17,64.74226804123711
2023-04-18,67.21649484536083
2023-04-19,68.24742268041237
2023-04-20,68.24742268041237
2023-04-21,67.83505154639175
2023-04-24,67.42268041237114
2023-04-25,64.12371134020619
2023-04-26,55.4639175257732
2023-04-27,56.28865979381443
2023-04-28,57.319587628865975
2023-05-01,59.175257731958766
2023-05-02,56.28865979381443
2023-05-03,51.546391752577314
2023-05-04,48.865979381443296
2023-05-05,50.51546391752577
2023-05-08,50.72164948453608
2023-05-09,50.51546391752577
2023-05-10,50.92783505154639
2023-05-11,49.896907216494846
2023-05-12,49.69072164948454
2023-05-15,49.48453608247423
2023-05-16,45.77319587628866
2023-05-17,45.56701030927835
2023-05-18,47.21649484536082
2023-05-19,47.62886597938144
2023-05-22,48.04123711340206
2023-05-23,46.18556701030928
2023-05-24,41.03092783505154
2023-05-25,37.93814432989691
2023-05-26,36.907216494845365
2023-05-30,35.25773195876289
2023-05-31,34.43298969072165
2023-06-01,35.25773195876289
2023-06-02,37.93814432989691
2023-06-05,41.23711340206185
2023-06-06,46.18556701030928
2023-06-07,51.958762886597945
2023-06-08,55.25773195876289
2023-06-09,58.0246913580247
2023-06-12,59.053497942386834
2023-06-13,65.22633744855966
2023-06-14,66.66666666666666
2023-06-15,70.16460905349794
2023-06-16,72.42798353909465
2023-06-20,71.19341563786008
2023-06-21,72.8395061728395
2023-06-22,72.8395061728395
2023-06-23,70.57613168724279
2023-06-26,70.98765432098766
2023-06-27,72.63374485596708
2023-06-28,71.60493827160494
2023-06-29,71.81069958847736
2023-06-30,75.51440329218107
2023-07-03,77.57201646090535
2023-07-05,77.9835390946502
2023-07-06,77.57201646090535
2023-07-07,77.77777777777779
2023-07-10,77.9835390946502
2023-07-11,79.62962962962963
2023-07-12,81.6872427983539
2023-07-13,84.15637860082305
2023-07-14,85.80246913580247
2023-07-17,85.39094650205762
2023-07-18,84.97942386831275
2023-07-19,85.80246913580247
2023-07-20,88.68312757201646
2023-07-21,89.09465020576131
2023-07-24,89.09465020576131
2023-07-25,89.30041152263375
2023-07-26,89.50617283950618
2023-07-27,86.83127572016461
2023-07-28,86.0082304526749
2023-07-31,84.36213991769547
2023-08-01,82.71604938271605
2023-08-02,79.83539094650206
2023-08-03,76.5432098765432
2023-08-04,70.37037037037037
2023-08-07,67.90123456790124
2023-08-08,65.02057613168725
2023-08-09,62.139917695473244
2023-08-10,59.25925925925925
2023-08-11,56.99588477366255
2023-08-14,56.5843621399177
2023-08-15,51.23456790123457
2023-08-16,47.11934156378601
2023-08-17,42.592592592592595
2023-08-18,39.300411522633745
2023-08-21,37.86008230452675
2023-08-22,35.18518518518518
2023-08-23,34.5679012345679
2023-08-24,32.30452674897119
2023-08-25,31.48148148148148
2023-08-28,32.510288065843625
2023-08-29,35.59670781893004
2023-08-30,38.68312757201646
2023-08-31,40.94650205761317
2023-09-01,42.592592592592595
2023-09-05,41.76954732510288
2023-09-06,41.1522633744856
2023-09-07,41.358024691358025
2023-09-08,40.32921810699588
2023-09-11,41.1522633744856
2023-09-12,41.358024691358025
2023-09-13,41.358024691358025
2023-09-14,43.00411522633745
2023-09-15,41.1522633744856
2023-09-18,41.358024691358025
2023-09-19,40.94650205761317
2023-09-20,41.1522633744856
2023-09-21,35.80246913580247
2023-09-22,30.864197530864196
2023-09-25,28.80658436213992
2023-09-26,23.868312757201647
2023-09-27,20.37037037037037
2023-09-28,20.781893004115226
2023-09-29,18.72427983539095
2023-10-02,17.901234567901234
2023-10-03,14.609053497942387
2023-10-04,13.991769547325102
2023-10-05,13.168724279835391
2023-10-06,14.609053497942387
2023-10-09,17.28395061728395
2023-10-10,20.16460905349794
2023-10-11,22.839506172839506
2023-10-12,25.308641975308642
2023-10-13,26.543209876543212
2023-10-16,28.600823045267486
2023-10-17,31.069958847736622
2023-10-18,30.864197530864196
2023-10-19,28.600823045267486
2023-10-20,26.543209876543212
2023-10-23,21.193415637860085
2023-10-24,20.16460905349794
2023-10-25,19.54732510288066
2023-10-26,18.106995884773664
2023-10-27,15.637860082304528
2023-10-30,15.432098765432098
2023-10-31,16.255144032921812
2023-11-01,19.753086419753085
2023-11-02,25.514403292181072
2023-11-03,33.744855967078195
2023-11-06,40.74074074074074
2023-11-07,44.8559670781893
2023-11-08,47.84394250513347
2023-11-09,48.870636550308014
2023-11-10,52.15605749486652
2023-11-13,53.182751540041075
2023-11-14,59.54825462012321
2023-11-15,64.27104722792608
2023-11-16,69.40451745379876
2023-11-17,71.86858316221766
2023-11-20,73.92197125256673
2023-11-21,76.59137577002053
2023-11-22,77.61806981519507
2023-11-24,79.46611909650923
2023-11-27,79.67145790554414
2023-11-28,80.49281314168378
2023-11-29,81.51950718685832
2023-11-30,81.3141683778234
2023-12-01,83.16221765913757
2023-12-04,85.01026694045176
2023-12-05,85.62628336755647
2023-12-06,84.80492813141683
2023-12-07,84.59958932238193
2023-12-08,84.59958932238193
2023-12-11,85.01026694045176
2023-12-12,85.62628336755647
2023-12-13,86.24229979466119
2023-12-14,87.88501026694045
2023-12-15,88.09034907597535
2023-12-18,89.5277207392197
2023-12-19,89.3223819301848
2023-12-20,87.88501026694045
2023-12-21,88.29568788501027
2023-12-22,88.7063655030801
2023-12-26,89.5277207392197
2023-12-27,89.73305954825463
2023-12-28,89.3223819301848
2023-12-29,89.73305954825463
2024-01-02,90.14373716632443
2024-01-03,90.75975359342917
2024-01-04,90.14373716632443
2024-01-05,89.93839835728953
2024-01-08,89.5277207392197
2024-01-09,89.11704312114989
2024-01-10,88.7063655030801
2024-01-11,86.652977412731
2024-01-12,85.62628336755647
2024-01-16,82.75154004106776
2024-01-17,79.46611909650923
2024-01-18,75.564681724846
2024-01-19,74.12731006160165
2024-01-22,73.30595482546201
2024-01-23,73.92197125256673
2024-01-24,70.63655030800821
2024-01-25,70.4312114989733
2024-01-26,70.63655030800821
2024-01-29,70.84188911704312
2024-01-30,71.25256673511294
2024-01-31,68.17248459958932
2024-02-01,67.96714579055441
2024-02-02,67.5564681724846
2024-02-05,65.09240246406571
2024-02-06,65.09240246406571
2024-02-07,65.70841889117042
2024-02-08,65.09240246406571
2024-02-09,64.27104722792608
2024-02-12,64.8870636550308
2024-02-13,62.01232032854209
2024-02-14,62.01232032854209
2024-02-15,64.06570841889116
2024-02-16,63.039014373716626
2024-02-20,63.65503080082136
2024-02-21,64.47638603696099
2024-02-22,65.91375770020534
2024-02-23,67.96714579055441
2024-02-26,67.96714579055441
2024-02-27,68.99383983572895
2024-02-28,69.60985626283367
2024-02-29,70.4312114989733
2024-03-01,71.45790554414785
2024-03-04,73.1006160164271
2024-03-05,73.92197125256673
2024-03-06,76.18069815195072
2024-03-07,78.02874743326488
2024-03-08,79.05544147843942
2024-03-11,80.69815195071868
2024-03-12,81.51950718685832
2024-03-13,81.51950718685832
2024-03-14,80.9034907597536
2024-03-15,80.69815195071868
2024-03-18,78.85010266940452
2024-03-19,78.4394250513347
2024-03-20,78.2340862422998
2024-03-21,79.67145790554414
2024-03-22,79.87679671457906
2024-03-25,79.46611909650923
2024-03-26,77.82340862422998
2024-03-27,80.69815195071868
2024-03-28,83.16221765913757
2024-04-01,82.95687885010267
2024-04-02,81.3141683778234
2024-04-03,79.67145790554414
2024-04-04,76.79671457905543
2024-04-05,75.35934291581108
2024-04-08,74.33264887063655
2024-04-09,75.15400410677618
2024-04-10,71.86858316221766
2024-04-11,65.50308008213553
2024-04-12,59.54825462012321
2024-04-15,50.308008213552355
2024-04-16,41.68377823408625
2024-04-17,35.1129363449692
2024-04-18,32.03285420944558
2024-04-19,29.774127310061605
2024-04-22,30.184804928131413
2024-04-23,33.67556468172484
2024-04-24,35.93429158110883
2024-04-25,37.16632443531827
2024-04-26,38.398357289527716
2024-04-29,40.24640657084189
2024-04-30,38.809034907597535
2024-05-01,38.72950819672131
2024-05-02,40.49079754601227
2024-05-03,42.12678936605317
2024-05-06,43.558282208588956
2024-05-07,46.62576687116564
2024-05-08,50.511247443762784
2024-05-09,53.578732106339466
2024-05-10,56.646216768916155
2024-05-13,57.668711656441715
2024-05-14,61.963190184049076
2024-05-15,65.03067484662577
2024-05-16,66.66666666666666
2024-05-17,67.280163599182
2024-05-20,67.68916155419224
2024-05-21,66.87116564417178
2024-05-22,67.280163599182
2024-05-23,64.82617586912065
2024-05-24,64.0081799591002
2024-05-28,60.73619631901841
2024-05-29,53.78323108384458
2024-05-30,49.693251533742334
2024-05-31,50.715746421267895
2024-06-03,50.511247443762784
2024-06-04,49.693251533742334
2024-06-05,50.306748466257666
2024-06-06,51.124744376278116
2024-06-07,49.897750511247445
2024-06-10,49.693251533742334
2024-06-11,49.897750511247445
2024-06-12,48.875255623721884
2024-06-13,47.85276073619632
2024-06-14,46.421267893660534
2024-06-17,45.39877300613497
2024-06-18,45.39877300613497
2024-06-20,46.62576687116564
2024-06-21,48.466257668711656
2024-06-24,51.32924335378323
2024-06-25,50.306748466257666
2024-06-26,50.306748466257666
2024-06-27,49.693251533742334
2024-06-28,48.875255623721884
2024-07-01,47.85276073619632
2024-07-02,45.603271983640084
2024-07-03,46.62576687116564
2024-07-05,45.807770961145195
2024-07-08,45.807770961145195
2024-07-09,45.39877300613497
2024-07-10,47.443762781186095
2024-07-11,53.37423312883436
2024-07-12,59.100204498977504
2024-07-15,63.394683026584865
2024-07-16,70.75664621676891
2024-07-17,75.25562372188139
2024-07-18,75.66462167689161
2024-07-19,74.64212678936605
2024-07-22,73.8241308793456
2024-07-23,73.00613496932516
2024-07-24,71.98364008179959
2024-07-25,69.93865030674846
2024-07-26,69.93865030674846
2024-07-29,70.14314928425358
2024-07-30,70.75664621676891
2024-07-31,71.16564417177914
2024-08-01,68.71165644171779
2024-08-02,62.78118609406953
2024-08-05,57.259713701431494
2024-08-06,54.396728016359916
2024-08-07,51.94274028629857
2024-08-08,51.738241308793455
2024-08-09,51.32924335378323
2024-08-12,50.10224948875256
2024-08-13,51.32924335378323
2024-08-14,53.16973415132924
2024-08-15,56.850715746421265
2024-08-16,59.30470347648262
2024-08-19,62.78118609406953
2024-08-20,64.0081799591002
2024-08-21,67.07566462167689
2024-08-22,68.9161554192229
2024-08-23,72.59713701431492
2024-08-26,76.68711656441718
2024-08-27,78.11860940695297
2024-08-28,78.11860940695297
2024-08-29,80.57259713701431
2024-08-30,82.20858895705521
2024-09-03,80.98159509202453
2024-09-04,78.52760736196319
2024-09-05,75.86912065439672
2024-09-06,72.80163599182005
2024-09-09,69.73415132924336
2024-09-10,68.30265848670757
2024-09-11,68.50715746421268
2024-09-12,68.71165644171779
2024-09-13,70.75664621676891
2024-09-16,72.1881390593047
2024-09-17,74.64212678936605
2024-09-18,75.86912065439672
2024-09-19,79.55010224948876
2024-09-20,80.3680981595092
2024-09-23,80.57259713701431
2024-09-24,81.18609406952966
2024-09-25,80.77709611451944
2024-09-26,80.57259713701431
2024-09-27,82.61758691206545
2024-09-30,82.41308793456032
2024-10-01,81.59509202453987
2024-10-02,79.75460122699386
2024-10-03,78.11860940695297
2024-10-04,77.30061349693251
2024-10-07,74.02862985685071
2024-10-08,72.39263803680981
2024-10-09,72.59713701431492
2024-10-10,71.16564417177914
2024-10-11,71.98364008179959
2024-10-14,73.21063394683026
2024-10-15,75.25562372188139
2024-10-16,76.68711656441718
2024-10-17,75.66462167689161
2024-10-18,76.48261758691206
2024-10-21,76.07361963190185
2024-10-22,74.23312883435584
2024-10-23,71.98364008179959
2024-10-24,68.71165644171779
2024-10-25,65.84867075664621
2024-10-28,63.59918200408998
2024-10-29,62.57668711656442
2024-10-30,60.53169734151329
2024-10-31,57.259713701431494
2024-11-01,53.16973415132924
2024-11-04,50.920245398773
2024-11-05,51.32924335378323
2024-11-06,55.419222903885476
2024-11-07,58.077709611451944
2024-11-08,59.30470347648262
2024-11-11,60.940695296523515
2024-11-12,61.554192229038854
2024-11-13,62.985685071574636
2024-11-14,62.16768916155419
2024-11-15,60.53169734151329
2024-11-18,59.50920245398773
2024-11-19,59.50920245398773
2024-11-20,59.30470347648262
2024-11-21,59.918200408997954
2024-11-22,61.554192229038854
2024-11-25,64.62167689161554
2024-11-26,67.280163599182
2024-11-27,69.73415132924336
2024-11-29,71.16564417177914
2024-12-02,72.39263803680981
2024-12-03,72.39263803680981
2024-12-04,71.37014314928425
2024-12-05,69.52965235173824
2024-12-06,67.68916155419224
2024-12-09,66.87116564417178
2024-12-10,64.41717791411043
2024-12-11,60.73619631901841
2024-12-12,56.44171779141104
2024-12-13,54.396728016359916
2024-12-16,49.693251533742334
2024-12-17,44.989775051124745
2024-12-18,36.19631901840491
2024-12-19,29.447852760736197
2024-12-20,26.58486707566462
2024-12-23,25.562372188139058
2024-12-24,25.357873210633947
2024-12-26,25.562372188139058
2024-12-27,24.335378323108383
2024-12-30,21.676891615541923
2024-12-31,20.654396728016362
2025-01-02,17.995910020449898
2025-01-03,17.791411042944784
2025-01-06,17.791411042944784
2025-01-07,18.813905930470348
2025-01-08,19.427402862985684
2025-01-10,18.200408997955012
2025-01-13,17.995910020449898
2025-01-14,19.427402862985684
2025-01-15,24.74437627811861
2025-01-16,28.016359918200408
2025-01-17,32.719836400818
2025-01-21,40.49079754601227
2025-01-22,46.830265848670756
2025-01-23,52.965235173824134
2025-01-24,56.44171779141104
2025-01-27,60.73619631901841
2025-01-28,63.80368098159509
2025-01-29,63.59918200408998
2025-01-30,65.84867075664621
2025-01-31,64.62167689161554
2025-02-03,62.78118609406953
2025-02-04,61.75869120654397
2025-02-05,61.34969325153374
2025-02-06,62.16768916155419
2025-02-07,60.32719836400818
2025-02-10,60.53169734151329
2025-02-11,59.71370143149284
2025-02-12,58.895705521472394
2025-02-13,58.282208588957054
2025-02-14,56.44171779141104
2025-02-18,57.873210633946826
2025-02-19,59.50920245398773
2025-02-20,58.691206543967276
2025-02-21,56.032719836400815
2025-02-24,55.419222903885476
2025-02-25,54.805725971370144
2025-02-26,53.987730061349694
2025-02-27,51.94274028629857
2025-02-28,51.94274028629857
2025-03-03,48.670756646216766
2025-03-04,43.353783231083845
2025-03-05,41.717791411042946
2025-03-06,40.49079754601227
2025-03-07,42.944785276073624
2025-03-10,41.922290388548056
2025-03-11,38.65030674846626
2025-03-12,35.787321063394685
2025-03-13,31.083844580777097
2025-03-14,30.67484662576687
2025-03-17,31.492842535787318
2025-03-18,32.10633946830266
2025-03-19,33.94683026584867
2025-03-20,33.74233128834356
2025-03-21,33.537832310838446
2025-03-24,35.173824130879346
2025-03-25,36.400817995910025
2025-03-26,38.24130879345603
2025-03-27,38.445807770961146
2025-03-28,37.21881390593047
2025-03-31,37.627811860940696
2025-04-01,39.46830265848671
2025-04-02,40.286298568507156
2025-04-03,38.24130879345603
2025-04-04,27.811860940695297
2025-04-07,18.404907975460123
2025-04-08,13.701431492842536
2025-04-09,13.496932515337424
2025-04-10,11.451942740286299
2025-04-11,13.701431492842536
2025-04-14,16.56441717791411
2025-04-15,19.018404907975462
2025-04-16,19.631901840490798
2025-04-17,20.245398773006134
2025-04-21,18.609406952965234
2025-04-22,19.836400817995912
2025-04-23,22.085889570552148
2025-04-24,25.971370143149286
2025-04-25,28.22085889570552
2025-04-28,30.879345603271986
2025-04-29,34.56032719836401
2025-04-30,39.263803680981596
2025-05-01,43.967280163599185
2025-05-02,50.306748466257666
2025-05-05,54.396728016359916
2025-05-06,57.46421267893661
2025-05-07,60.53169734151329
2025-05-08,64.41717791411043
2025-05-09,68.30265848670757
2025-05-12,70.34764826175869
2025-05-13,71.98364008179959
2025-05-14,72.59713701431492
2025-05-15,75.05112474437627
2025-05-16,76.27811860940696
2025-05-19,78.93660531697341
2025-05-20,79.55010224948876
2025-05-21,78.32310838445807
2025-05-22,76.68711656441718
2025-05-23,75.66462167689161
2025-05-27,74.84662576687117
2025-05-28,73.00613496932516
2025-05-29,72.80163599182005
2025-05-30,73.00613496932516
2025-06-02,72.59713701431492
2025-06-03,72.59713701431492
2025-06-04,72.80163599182005
2025-06-05,70.75664621676891
2025-06-06,70.96114519427404
2025-06-09,71.37014314928425
2025-06-10,73.8241308793456
2025-06-11,75.05112474437627
2025-06-12,76.48261758691206
2025-06-13,73.8241308793456
2025-06-16,72.1881390593047
2025-06-17,69.73415132924336
2025-06-18,65.03067484662577
2025-06-20,62.57668711656442
2025-06-23,61.963190184049076
2025-06-24,65.84867075664621
2025-06-25,64.82617586912065
2025-06-26,65.439672801636
2025-06-27,66.46216768916156
2025-06-30,68.71165644171779
2025-07-01,72.39263803680981
2025-07-02,75.66462167689161
2025-07-03,77.50511247443764
2025-07-07,76.89161554192229
2025-07-08,76.68711656441718
2025-07-09,76.48261758691206
2025-07-10,77.0961145194274
2025-07-11,75.25562372188139
2025-07-14,75.05112474437627
2025-07-15,72.1881390593047
2025-07-16,71.37014314928425
2025-07-17,71.16564417177914
2025-07-18,70.34764826175869
2025-07-21,68.71165644171779
2025-07-22,70.75664621676891
2025-07-23,72.80163599182005
2025-07-24,73.8241308793456
2025-07-25,75.25562372188139
2025-07-28,73.8241308793456
2025-07-29,74.02862985685071
2025-07-30,70.96114519427404
2025-07-31,66.46216768916156
2025-08-01,61.554192229038854
2025-08-04,59.918200408997954
2025-08-05,57.05521472392638
2025-08-06,54.805725971370144
2025-08-07,53.987730061349694
2025-08-08,53.78323108384458
2025-08-11,53.16973415132924
2025-08-12,54.805725971370144
2025-08-13,57.668711656441715
2025-08-14,59.100204498977504
2025-08-15,59.100204498977504
2025-08-18,59.30470347648262
2025-08-19,60.53169734151329
2025-08-20,61.34969325153374
2025-08-21,62.985685071574636
2025-08-22,65.23517382413088
2025-08-25,66.87116564417178
2025-08-26,66.46216768916156
2025-08-27,67.68916155419224
2025-08-28,67.89366053169734
2025-08-29,67.07566462167689
2025-09-02,65.84867075664621
2025-09-03,64.41717791411043
2025-09-04,63.394683026584865
2025-09-05,62.57668711656442
2025-09-08,62.985685071574636
2025-09-09,62.372188139059304
2025-09-10,59.918200408997954
2025-09-11,62.57668711656442
2025-09-12,62.372188139059304
2025-09-15,60.73619631901841
2025-09-16,57.873210633946826
2025-09-17,56.23721881390593
2025-09-18,56.23721881390593
2025-09-19,56.44171779141104
2025-09-22,57.05521472392638
2025-09-23,56.646216768916155
2025-09-24,56.44171779141104
2025-09-25,54.601226993865026
2025-09-26,55.828220858895705
2025-09-29,55.828220858895705
2025-09-30,56.032719836400815
2025-10-01,55.419222903885476
2025-10-02,55.623721881390594
2025-10-03,55.828220858895705
2025-10-06,56.23721881390593
2025-10-07,56.44171779141104
2025-10-08,55.010224948875255
2025-10-09,53.578732106339466
2025-10-10,49.079754601226995
2025-10-13,47.034764826175866
2025-10-14,47.648261758691206
2025-10-15,48.261758691206545
2025-10-16,45.603271983640084
2025-10-17,43.353783231083845
2025-10-20,44.785276073619634
2025-10-21,46.62576687116564
2025-10-22,47.443762781186095
2025-10-23,49.693251533742334
2025-10-24,50.920245398773
2025-10-27,52.965235173824134
2025-10-28,52.760736196319016
2025-10-29,48.466257668711656
2025-10-30,47.034764826175866
2025-10-31,45.194274028629856
2025-11-03,44.171779141104295
2025-11-04,42.12678936605317
2025-11-05,39.87730061349693
2025-11-06,40.286298568507156
2025-11-07,40.081799591002046
2025-11-10,41.922290388548056
2025-11-11,44.785276073619634
2025-11-12,46.012269938650306
2025-11-13,45.603271983640084
2025-11-14,44.580777096114524
2025-11-17,42.740286298568506
2025-11-18,41.104294478527606
2025-11-19,39.059304703476485
2025-11-20,36.809815950920246
2025-11-21,38.85480572597137
2025-11-24,38.85480572597137
2025-11-25,42.12678936605317
2025-11-26,46.421267893660534
2025-11-28,51.94274028629857
2025-12-01,53.78323108384458
2025-12-02,54.805725971370144
2025-12-03,55.21472392638037
2025-12-04,55.828220858895705
2025-12-05,57.46421267893661
2025-12-08,55.623721881390594
2025-12-09,55.419222903885476
2025-12-10,55.21472392638037
2025-12-11,57.668711656441715
2025-12-12,58.895705521472394
2025-12-15,60.940695296523515
2025-12-16,61.34969325153374
2025-12-17,59.71370143149284
2025-12-18,59.50920245398773
2025-12-19,58.895705521472394
2025-12-22,61.34969325153374
2025-12-23,60.53169734151329
2025-12-24,61.554192229038854
2025-12-26,61.145194274028626
2025-12-29,62.78118609406953
2025-12-30,62.78118609406953
2025-12-31,60.940695296523515
2026-01-02,62.372188139059304
2026-01-05,60.940695296523515
2026-01-06,62.57668711656442
2026-01-07,62.16768916155419
2026-01-08,64.0081799591002
2026-01-09,66.05316973415133
2026-01-12,66.87116564417178
2026-01-13,67.07566462167689
2026-01-14,69.32515337423312
2026-01-15,70.96114519427404
2026-01-16,71.98364008179959
2026-01-20,70.34764826175869
2026-01-21,69.93865030674846
2026-01-22,69.32515337423312
2026-01-23,69.12065439672801
2026-01-26,68.30265848670757
2026-01-27,66.87116564417178
2026-01-28,65.84867075664621
2026-01-29,63.80368098159509
2026-01-30,63.80368098159509
2026-02-02,64.21267893660531
2026-02-03,63.394683026584865
2026-02-04,64.82617586912065
2026-02-05,65.03067484662577
2026-02-06,66.05316973415133
2026-02-09,66.87116564417178
2026-02-10,68.09815950920245
2026-02-11,67.89366053169734
2026-02-12,66.25766871165644
2026-02-13,66.25766871165644
2026-02-17,66.05316973415133
2026-02-18,67.07566462167689
2026-02-19,66.66666666666666
2026-02-20,67.280163599182
2026-02-23,64.62167689161554
2026-02-24,63.190184049079754
2026-02-25,63.59918200408998
2026-02-26,64.82617586912065
2026-02-27,63.394683026584865
2026-03-02,61.963190184049076
2026-03-03,59.30470347648262
2026-03-04,58.48670756646217
2026-03-05,56.646216768916155
2026-03-06,53.37423312883436
2026-03-09,50.511247443762784
2026-03-10,45.39877300613497
2026-03-11,41.922290388548056
2026-03-12,37.423312883435585
2026-03-13,35.173824130879346
2026-03-16,32.92433537832311
2026-03-17,30.879345603271986
2026-03-18,29.85685071574642
2026-03-19,27.607361963190186
2026-03-20,23.517382413087933
2026-03-23,23.31288343558282
2026-03-24,22.085889570552148
2026-03-25,21.267893660531698
2026-03-26,20.449897750511248
2026-03-27,19.836400817995912
2026-03-30,18.404907975460123
2026-03-31,19.018404907975462
2026-04-01,20.040899795501023
2026-04-02,21.063394683026583
2026-04-06,23.92638036809816
2026-04-07,26.789366053169733
2026-04-08,33.94683026584867
2026-04-09,41.513292433537835
2026-04-10,43.149284253578735
2026-04-13,48.261758691206545
2026-04-14,51.32924335378323
2026-04-15,54.396728016359916
2026-04-16,58.282208588957054
2026-04-17,61.963190184049076
2026-04-20,64.21267893660531
2026-04-21,64.62167689161554
2026-04-22,62.985685071574636
2026-04-23,61.554192229038854
2026-04-24,60.32719836400818
2026-04-27,60.53169734151329
2026-04-28,59.30470347648262
2026-04-29,57.05521472392638
2026-04-30,58.48670756646217
2026-05-01,56.23721881390593
2026-05-04,55.010224948875255
2026-05-05,56.032719836400815
2026-05-06,57.05521472392638
2026-05-07,54.805725971370144
2026-05-08,53.37423312883436
2026-05-11,50.715746421267895
2026-05-12,50.511247443762784
2026-05-13,47.443762781186095
2026-05-14,46.012269938650306
2026-05-15,44.989775051124745
2026-05-18,45.194274028629856
2026-05-19,43.76278118609407
2026-05-20,44.376278118609406
2026-05-21,44.580777096114524
2026-05-22,47.034764826175866
2026-05-26,49.079754601226995
2026-05-27,50.920245398773
2026-05-28,51.738241308793455
2026-05-29,52.3517382413088
2026-06-01,50.511247443762784
2026-06-02,50.306748466257666
2026-06-03,51.738241308793455
2026-06-04,52.556237218813905
2026-06-05,53.987730061349694
2026-06-08,54.19222903885481
2026-06-09,55.21472392638037
2026-06-10,55.419222903885476
2026-06-11,57.259713701431494
2026-06-12,58.48670756646217
2026-06-15,61.34969325153374
2026-06-16,65.03067484662577
2026-06-17,64.21267893660531
2026-06-18,61.963190184049076
2026-06-22,60.73619631901841
2026-06-23,60.122699386503065
2026-06-24,63.394683026584865
2026-06-25,64.41717791411043
2026-06-26,64.0081799591002
2026-06-29,65.03067484662577
2026-06-30,64.82617586912065
2026-07-01,65.03067484662577
2026-07-02,67.07566462167689
2026-07-06,68.09815950920245
2026-07-07,70.34764826175869
2026-07-08,69.12065439672801
2026-07-09,69.73415132924336
2026-07-10,69.52965235173824
2026-07-13,69.32515337423312
2026-07-14,67.48466257668711
2026-07-15,66.25766871165644
2026-07-16,67.68916155419224
2026-07-17,66.66666666666666
2026-07-20,65.84867075664621
2026-07-21,63.59918200408998
2026-07-22,63.394683026584865
2026-07-23,60.940695296523515
2026-07-24,63.80368098159509
2026-07-27,64.21267893660531
2026-07-28,68.9161554192229
2026-07-29,68.50715746421268
2026-07-30,67.280163599182
2026-07-31,66.66666666666666
2026-08-03,67.48466257668711
2026-08-04,68.50715746421268
2026-08-05,67.48466257668711
2026-08-06,66.66666666666666
2026-08-07,67.48466257668711
2026-08-10,67.07566462167689
2026-08-11,67.280163599182
2026-08-12,66.25766871165644
2026-08-13,67.280163599182
2026-08-14,68.09815950920245
2026-08-17,67.68916155419224
2026-08-18,65.6441717791411
2026-08-19,64.0081799591002
2026-08-20,62.57668711656442
2026-08-21,62.985685071574636
2026-08-24,60.53169734151329
2026-08-25,59.918200408997954
2026-08-26,58.895705521472394
2026-08-27,57.259713701431494
2026-08-28,56.850715746421265
2026-08-31,54.601226993865026
2026-09-01,51.94274028629857
2026-09-02,51.124744376278116
2026-09-03,51.533742331288344
2026-09-04,50.10224948875256
2026-09-08,47.648261758691206
2026-09-09,42.331288343558285
2026-09-10,39.46830265848671
2026-09-11,38.24130879345603
2026-09-14,36.60531697341513
2026-09-15,35.37832310838446
2026-09-16,32.719836400818
2026-09-17,31.083844580777097
2026-09-18,29.447852760736197
2026-09-21,27.811860940695297
2026-09-22,25.971370143149286
2026-09-23,24.74437627811861
2026-09-24,24.130879345603272
2026-09-25,24.539877300613497
2026-09-28,23.517382413087933
2026-09-29,23.31288343558282
2026-09-30,21.676891615541923
2026-10-01,22.085889570552148
2026-10-02,22.494887525562373
2026-10-05,23.108384458077712
2026-10-06,25.153374233128833
2026-10-07,24.948875255623722
2026-10-08,26.58486707566462
2026-10-09,26.58486707566462
