Date,MACD_NY_Breadth
2017-01-03,72.62931034482759
2017-01-04,74.78448275862068
2017-01-05,75.0
2017-01-06,76.72413793103449
2017-01-09,76.9396551724138
2017-01-10,77.80172413793103
2017-01-11,77.58620689655173
2017-01-12,77.15517241379311
2017-01-13,79.52586206896551
2017-01-17,78.23275862068965
2017-01-18,78.87931034482759
2017-01-19,78.01724137931035
2017-01-20,76.29310344827587
2017-01-23,75.86206896551724
2017-01-24,76.07758620689656
2017-01-25,78.66379310344827
2017-01-26,78.23275862068965
2017-01-27,78.01724137931035
2017-01-30,75.64655172413794
2017-01-31,73.49137931034483
2017-02-01,70.6896551724138
2017-02-02,70.04310344827587
2017-02-03,71.33620689655173
2017-02-06,70.90517241379311
2017-02-07,70.90517241379311
2017-02-08,71.12068965517241
2017-02-09,72.84482758620689
2017-02-10,76.07758620689656
2017-02-13,79.95689655172413
2017-02-14,81.25
2017-02-15,82.75862068965517
2017-02-16,83.40517241379311
2017-02-17,83.62068965517241
2017-02-21,84.69827586206897
2017-02-22,84.69827586206897
2017-02-23,84.69827586206897
2017-02-24,84.91379310344827
2017-02-27,84.69827586206897
2017-02-28,83.83620689655173
2017-03-01,84.05172413793103
2017-03-02,83.83620689655173
2017-03-03,83.62068965517241
2017-03-06,83.1896551724138
2017-03-07,81.25
2017-03-08,79.52586206896551
2017-03-09,77.63440860215054
2017-03-10,76.34408602150538
2017-03-13,73.9784946236559
2017-03-14,73.33333333333333
2017-03-15,73.54838709677419
2017-03-16,74.19354838709677
2017-03-17,75.48387096774194
2017-03-20,74.19354838709677
2017-03-21,69.03225806451613
2017-03-22,65.80645161290323
2017-03-23,63.44086021505376
2017-03-24,61.505376344086024
2017-03-27,60.215053763440864
2017-03-28,59.354838709677416
2017-03-29,58.27956989247311
2017-03-30,59.78494623655914
2017-03-31,60.86021505376345
2017-04-03,59.13978494623656
2017-04-04,58.924731182795696
2017-04-05,58.70967741935483
2017-04-06,57.634408602150536
2017-04-07,57.8494623655914
2017-04-10,58.70967741935483
2017-04-11,58.924731182795696
2017-04-12,56.774193548387096
2017-04-13,51.3978494623656
2017-04-17,52.903225806451616
2017-04-18,52.04301075268817
2017-04-19,51.82795698924731
2017-04-20,53.97849462365591
2017-04-21,55.053763440860216
2017-04-24,58.27956989247311
2017-04-25,63.87096774193548
2017-04-26,66.02150537634408
2017-04-27,69.03225806451613
2017-04-28,68.81720430107528
2017-05-01,69.24731182795699
2017-05-02,67.74193548387096
2017-05-03,66.88172043010752
2017-05-04,65.59139784946237
2017-05-05,67.0967741935484
2017-05-08,66.88172043010752
2017-05-09,66.88172043010752
2017-05-10,66.66666666666666
2017-05-11,66.66666666666666
2017-05-12,65.16129032258064
2017-05-15,66.66666666666666
2017-05-16,66.23655913978494
2017-05-17,62.1505376344086
2017-05-18,60.215053763440864
2017-05-19,58.70967741935483
2017-05-22,59.13978494623656
2017-05-23,60.64516129032258
2017-05-24,61.0752688172043
2017-05-25,61.935483870967744
2017-05-26,64.73118279569893
2017-05-30,66.88172043010752
2017-05-31,67.95698924731182
2017-06-01,69.6774193548387
2017-06-02,71.82795698924731
2017-06-05,73.9784946236559
2017-06-06,73.11827956989248
2017-06-07,72.68817204301075
2017-06-08,72.90322580645162
2017-06-09,74.19354838709677
2017-06-12,76.98924731182795
2017-06-13,79.78494623655914
2017-06-14,81.0752688172043
2017-06-15,80.64516129032258
2017-06-16,80.0
2017-06-19,80.68669527896995
2017-06-20,78.54077253218884
2017-06-21,77.8969957081545
2017-06-22,74.89270386266095
2017-06-23,73.60515021459227
2017-06-26,73.8197424892704
2017-06-27,70.81545064377683
2017-06-28,71.67381974248927
2017-06-29,69.31330472103005
2017-06-30,68.45493562231759
2017-07-03,65.87982832618026
2017-07-05,66.52360515021459
2017-07-06,61.37339055793991
2017-07-07,60.94420600858369
2017-07-10,60.08583690987125
2017-07-11,58.36909871244635
2017-07-12,62.231759656652365
2017-07-13,63.0901287553648
2017-07-14,66.09442060085837
2017-07-17,68.24034334763948
2017-07-18,69.95708154506438
2017-07-19,72.53218884120172
2017-07-20,73.8197424892704
2017-07-21,74.67811158798283
2017-07-24,73.39055793991416
2017-07-25,74.0343347639485
2017-07-26,73.39055793991416
2017-07-27,73.39055793991416
2017-07-28,74.2489270386266
2017-07-31,73.17596566523605
2017-08-01,71.67381974248927
2017-08-02,69.74248927038627
2017-08-03,68.24034334763948
2017-08-04,68.6695278969957
2017-08-07,68.88412017167383
2017-08-08,67.38197424892704
2017-08-09,66.7381974248927
2017-08-10,61.80257510729614
2017-08-11,57.2961373390558
2017-08-14,56.866952789699575
2017-08-15,56.00858369098712
2017-08-16,57.08154506437768
2017-08-17,54.72103004291845
2017-08-18,50.858369098712444
2017-08-21,49.57081545064378
2017-08-22,48.712446351931334
2017-08-23,49.35622317596567
2017-08-24,47.63948497854077
2017-08-25,48.927038626609445
2017-08-28,49.78540772532189
2017-08-29,49.141630901287556
2017-08-30,49.57081545064378
2017-08-31,52.36051502145923
2017-09-01,56.00858369098712
2017-09-05,57.2961373390558
2017-09-06,58.15450643776824
2017-09-07,60.51502145922747
2017-09-08,62.01716738197425
2017-09-11,63.94849785407726
2017-09-12,68.24034334763948
2017-09-13,69.52789699570815
2017-09-14,69.95708154506438
2017-09-15,70.17167381974248
2017-09-18,70.81545064377683
2017-09-19,72.1030042918455
2017-09-20,72.1030042918455
2017-09-21,72.3175965665236
2017-09-22,71.67381974248927
2017-09-25,69.74248927038627
2017-09-26,69.74248927038627
2017-09-27,69.52789699570815
2017-09-28,69.31330472103005
2017-09-29,68.88412017167383
2017-10-02,70.3862660944206
2017-10-03,71.88841201716738
2017-10-04,73.17596566523605
2017-10-05,75.9656652360515
2017-10-06,77.46781115879828
2017-10-09,77.25321888412017
2017-10-10,77.8969957081545
2017-10-11,78.96995708154506
2017-10-12,80.68669527896995
2017-10-13,79.6137339055794
2017-10-16,80.68669527896995
2017-10-17,81.3304721030043
2017-10-18,80.68669527896995
2017-10-19,81.75965665236052
2017-10-20,82.18884120171673
2017-10-23,82.18884120171673
2017-10-24,80.90128755364807
2017-10-25,80.68669527896995
2017-10-26,78.54077253218884
2017-10-27,77.03862660944206
2017-10-30,77.25321888412017
2017-10-31,75.9656652360515
2017-11-01,75.53648068669528
2017-11-02,74.67811158798283
2017-11-03,73.17596566523605
2017-11-06,71.88841201716738
2017-11-07,71.67381974248927
2017-11-08,71.24463519313305
2017-11-09,70.3862660944206
2017-11-10,68.88412017167383
2017-11-13,68.24034334763948
2017-11-14,68.45493562231759
2017-11-15,66.09442060085837
2017-11-16,66.09442060085837
2017-11-17,66.09442060085837
2017-11-20,65.87982832618026
2017-11-21,66.7381974248927
2017-11-22,67.16738197424893
2017-11-24,67.59656652360515
2017-11-27,68.02575107296137
2017-11-28,70.17167381974248
2017-11-29,73.8197424892704
2017-11-30,77.6824034334764
2017-12-01,79.18454935622317
2017-12-04,79.82832618025752
2017-12-05,77.6824034334764
2017-12-06,75.53648068669528
2017-12-07,75.53648068669528
2017-12-08,75.53648068669528
2017-12-11,75.9656652360515
2017-12-12,76.60944206008584
2017-12-13,76.1802575107296
2017-12-14,74.67811158798283
2017-12-15,76.39484978540773
2017-12-18,77.46781115879828
2017-12-19,76.60944206008584
2017-12-20,74.2489270386266
2017-12-21,75.10729613733905
2017-12-22,75.10729613733905
2017-12-26,73.8197424892704
2017-12-27,73.17596566523605
2017-12-28,73.39055793991416
2017-12-29,73.8197424892704
2018-01-02,73.8197424892704
2018-01-03,75.32188841201717
2018-01-04,77.03862660944206
2018-01-05,78.11158798283262
2018-01-08,80.68669527896995
2018-01-09,81.11587982832617
2018-01-10,80.90128755364807
2018-01-11,82.18884120171673
2018-01-12,81.54506437768241
2018-01-16,81.3304721030043
2018-01-17,83.04721030042919
2018-01-18,83.04721030042919
2018-01-19,83.04721030042919
2018-01-22,83.2618025751073
2018-01-23,84.12017167381974
2018-01-24,83.69098712446352
2018-01-25,84.33476394849787
2018-01-26,85.1931330472103
2018-01-29,84.12017167381974
2018-01-30,83.47639484978541
2018-01-31,82.61802575107296
2018-02-01,79.82832618025752
2018-02-02,76.1802575107296
2018-02-05,66.95278969957081
2018-02-06,58.15450643776824
2018-02-07,49.67880085653105
2018-02-08,33.40471092077088
2018-02-09,25.481798715203425
2018-02-12,22.269807280513916
2018-02-13,21.627408993576015
2018-02-14,22.91220556745182
2018-02-15,26.76659528907923
2018-02-16,31.263383297644538
2018-02-20,33.61884368308351
2018-02-21,34.68950749464668
2018-02-22,35.54603854389722
2018-02-23,38.75802997858672
2018-02-26,46.03854389721627
2018-02-27,46.895074946466806
2018-02-28,45.610278372591004
2018-03-01,42.82655246252677
2018-03-02,41.54175588865097
2018-03-05,42.184154175588866
2018-03-06,44.3254817987152
2018-03-07,45.182012847965744
2018-03-08,48.394004282655246
2018-03-09,52.890792291220556
2018-03-12,55.0321199143469
2018-03-13,57.601713062098504
2018-03-14,58.2441113490364
2018-03-15,58.886509635974306
2018-03-16,59.95717344753747
2018-03-19,59.95717344753747
2018-03-20,59.52890792291221
2018-03-21,58.02997858672377
2018-03-22,51.605995717344754
2018-03-23,43.0406852248394
2018-03-26,41.113490364025694
2018-03-27,35.54603854389722
2018-03-28,32.97644539614561
2018-03-29,32.54817987152035
2018-04-02,29.550321199143468
2018-04-03,29.336188436830835
2018-04-04,30.406852248394006
2018-04-05,32.33404710920771
2018-04-06,30.620985010706637
2018-04-09,30.620985010706637
2018-04-10,32.54817987152035
2018-04-11,34.26124197002141
2018-04-12,35.33190578158458
2018-04-13,36.188436830835116
2018-04-16,40.899357601713064
2018-04-17,46.25267665952891
2018-04-18,52.46252676659529
2018-04-19,53.104925053533194
2018-04-20,53.96145610278372
2018-04-23,55.0321199143469
2018-04-24,52.67665952890792
2018-04-25,51.82012847965739
2018-04-26,50.107066381156315
2018-04-27,50.32119914346895
2018-04-30,50.53533190578159
2018-05-01,51.17773019271949
2018-05-02,48.60813704496788
2018-05-03,46.895074946466806
2018-05-04,48.17987152034261
2018-05-07,49.25053533190578
2018-05-08,51.17773019271949
2018-05-09,51.17773019271949
2018-05-10,55.6745182012848
2018-05-11,58.45824411134903
2018-05-14,61.24197002141327
2018-05-15,61.02783725910065
2018-05-16,61.24197002141327
2018-05-17,61.67023554603854
2018-05-18,61.67023554603854
2018-05-21,63.16916488222698
2018-05-22,64.23982869379014
2018-05-23,64.45396145610277
2018-05-24,64.88222698072805
2018-05-25,64.23982869379014
2018-05-29,62.526766595289075
2018-05-30,63.597430406852254
2018-05-31,60.17130620985011
2018-06-01,58.67237687366167
2018-06-04,60.599571734475376
2018-06-05,61.02783725910065
2018-06-06,64.45396145610277
2018-06-07,65.95289079229121
2018-06-08,68.3083511777302
2018-06-11,70.44967880085653
2018-06-12,72.59100642398288
2018-06-13,73.44753747323341
2018-06-14,75.16059957173448
2018-06-15,74.7323340471092
2018-06-18,73.44753747323341
2018-06-19,71.73447537473233
2018-06-20,70.02141327623126
2018-06-21,67.45182012847965
2018-06-22,67.6659528907923
2018-06-25,65.31049250535332
2018-06-26,62.31263383297645
2018-06-27,57.81584582441114
2018-06-28,53.319057815845824
2018-06-29,53.104925053533194
2018-07-02,52.24839400428265
2018-07-03,50.32119914346895
2018-07-05,50.32119914346895
2018-07-06,51.82012847965739
2018-07-09,55.24625267665952
2018-07-10,59.52890792291221
2018-07-11,60.38543897216274
2018-07-12,62.31263383297645
2018-07-13,64.23982869379014
2018-07-16,64.88222698072805
2018-07-17,67.23768736616702
2018-07-18,70.8779443254818
2018-07-19,71.5203426124197
2018-07-20,71.73447537473233
2018-07-23,70.66381156316916
2018-07-24,71.5203426124197
2018-07-25,71.94860813704497
2018-07-26,72.59100642398288
2018-07-27,72.37687366167023
2018-07-30,71.30620985010707
2018-07-31,70.2355460385439
2018-08-01,68.73661670235546
2018-08-02,69.80728051391864
2018-08-03,70.2355460385439
2018-08-06,71.73447537473233
2018-08-07,73.44753747323341
2018-08-08,74.08993576017131
2018-08-09,74.51820128479658
2018-08-10,73.44753747323341
2018-08-13,71.5203426124197
2018-08-14,70.2355460385439
2018-08-15,68.73661670235546
2018-08-16,68.95074946466809
2018-08-17,67.88008565310493
2018-08-20,69.16488222698072
2018-08-21,71.30620985010707
2018-08-22,70.8779443254818
2018-08-23,70.66381156316916
2018-08-24,71.5203426124197
2018-08-27,73.66167023554604
2018-08-28,75.37473233404711
2018-08-29,76.23126338329764
2018-08-30,76.23126338329764
2018-08-31,75.58886509635975
2018-09-04,74.94646680942184
2018-09-05,74.51820128479658
2018-09-06,74.7323340471092
2018-09-07,73.87580299785867
2018-09-10,72.80513918629549
2018-09-11,72.1627408993576
2018-09-12,73.01927194860814
2018-09-13,72.59100642398288
2018-09-14,73.23340471092077
2018-09-17,71.94860813704497
2018-09-18,72.37687366167023
2018-09-19,72.59100642398288
2018-09-20,73.23340471092077
2018-09-21,73.23340471092077
2018-09-24,72.37687366167023
2018-09-25,69.593147751606
2018-09-26,65.52462526766595
2018-09-27,63.38329764453962
2018-09-28,61.45610278372591
2018-10-01,60.17130620985011
2018-10-02,59.100642398286936
2018-10-03,56.53104925053534
2018-10-04,54.389721627408996
2018-10-05,51.39186295503212
2018-10-08,50.53533190578159
2018-10-09,48.60813704496788
2018-10-10,40.25695931477516
2018-10-11,25.481798715203425
2018-10-12,21.199143468950748
2018-10-15,17.987152034261243
2018-10-16,19.271948608137045
2018-10-17,20.12847965738758
2018-10-18,19.271948608137045
2018-10-19,19.48608137044968
2018-10-22,18.201284796573873
2018-10-23,17.77301927194861
2018-10-24,16.274089935760173
2018-10-25,16.059957173447536
2018-10-26,15.631691648822269
2018-10-29,15.845824411134904
2018-10-30,16.70235546038544
2018-10-31,17.34475374732334
2018-11-01,19.05781584582441
2018-11-02,19.914346895074946
2018-11-05,22.698072805139187
2018-11-06,27.62312633832976
2018-11-07,35.54603854389722
2018-11-08,42.61241970021413
2018-11-09,47.32334047109208
2018-11-12,46.680942184154176
2018-11-13,45.82441113490364
2018-11-14,44.3254817987152
2018-11-15,45.182012847965744
2018-11-16,47.53747323340471
2018-11-19,46.03854389721627
2018-11-20,43.0406852248394
2018-11-21,40.471092077087796
2018-11-23,39.400428265524624
2018-11-26,39.82869379014989
2018-11-27,41.113490364025694
2018-11-28,45.82441113490364
2018-11-29,47.53747323340471
2018-11-30,53.319057815845824
2018-12-03,59.52890792291221
2018-12-04,56.102783725910065
2018-12-06,54.389721627408996
2018-12-07,46.25267665952891
2018-12-10,42.398286937901496
2018-12-11,37.901498929336185
2018-12-12,37.04496788008566
2018-12-13,35.54603854389722
2018-12-14,30.83511777301927
2018-12-17,24.411134903640257
2018-12-18,19.05781584582441
2018-12-19,15.845824411134904
2018-12-20,12.205567451820128
2018-12-21,8.993576017130621
2018-12-24,4.925053533190578
2018-12-26,2.9978586723768736
2018-12-27,3.2119914346895073
2018-12-28,3.854389721627409
2018-12-31,4.710920770877944
2019-01-02,5.353319057815846
2019-01-03,4.925053533190578
2019-01-04,6.209850107066381
2019-01-07,8.565310492505352
2019-01-08,12.84796573875803
2019-01-09,17.34475374732334
2019-01-10,24.411134903640257
2019-01-11,33.83297644539615
2019-01-14,40.899357601713064
2019-01-15,46.36752136752137
2019-01-16,51.06837606837607
2019-01-17,58.76068376068376
2019-01-18,70.51282051282051
2019-01-22,71.7948717948718
2019-01-23,74.35897435897436
2019-01-24,77.56410256410257
2019-01-25,79.7008547008547
2019-01-28,81.19658119658119
2019-01-29,83.54700854700855
2019-01-30,84.1880341880342
2019-01-31,86.53846153846155
2019-02-01,88.24786324786325
2019-02-04,89.95726495726495
2019-02-05,90.5982905982906
2019-02-06,91.02564102564102
2019-02-07,91.23931623931624
2019-02-08,91.45299145299145
2019-02-11,90.38461538461539
2019-02-12,90.5982905982906
2019-02-13,90.8119658119658
2019-02-14,91.02564102564102
2019-02-15,92.3076923076923
2019-02-19,92.73504273504274
2019-02-20,93.37606837606837
2019-02-21,93.37606837606837
2019-02-22,92.73504273504274
2019-02-25,93.37606837606837
2019-02-26,93.16239316239316
2019-02-27,92.09401709401709
2019-02-28,91.66666666666666
2019-03-01,92.3076923076923
2019-03-04,91.66666666666666
2019-03-05,89.95726495726495
2019-03-06,88.03418803418803
2019-03-07,85.47008547008546
2019-03-08,83.11965811965813
2019-03-11,82.47863247863248
2019-03-12,81.41025641025641
2019-03-13,82.26495726495726
2019-03-14,81.19658119658119
2019-03-15,80.98290598290599
2019-03-18,81.41025641025641
2019-03-19,81.19658119658119
2019-03-20,78.63247863247864
2019-03-21,78.2051282051282
2019-03-22,76.49572649572649
2019-03-25,73.93162393162393
2019-03-26,72.43589743589743
2019-03-27,71.58119658119658
2019-03-28,70.94017094017094
2019-03-29,72.22222222222221
2019-04-01,76.92307692307693
2019-04-02,78.41880341880342
2019-04-03,80.12820512820514
2019-04-04,82.47863247863248
2019-04-05,85.04273504273505
2019-04-08,86.32478632478633
2019-04-09,85.8974358974359
2019-04-10,86.32478632478633
2019-04-11,86.32478632478633
2019-04-12,87.82051282051282
2019-04-15,87.17948717948718
2019-04-16,85.50106609808103
2019-04-17,81.06382978723404
2019-04-18,79.14893617021276
2019-04-22,77.23404255319149
2019-04-23,75.95744680851064
2019-04-24,76.17021276595744
2019-04-25,74.94692144373673
2019-04-26,75.58386411889597
2019-04-29,76.00849256900213
2019-04-30,76.64543524416136
2019-05-01,75.79617834394905
2019-05-02,73.67303609341825
2019-05-03,73.88535031847134
2019-05-06,74.09766454352442
2019-05-07,70.48832271762208
2019-05-08,66.45435244161358
2019-05-09,62.20806794055201
2019-05-10,62.20806794055201
2019-05-13,56.475583864118896
2019-05-14,52.4416135881104
2019-05-15,49.681528662420384
2019-05-16,49.681528662420384
2019-05-17,48.832271762208066
2019-05-20,46.92144373673036
2019-05-21,48.832271762208066
2019-05-22,49.681528662420384
2019-05-23,47.13375796178344
2019-05-24,45.64755838641189
2019-05-28,44.37367303609342
2019-05-29,41.18895966029724
2019-05-30,38.6411889596603
2019-05-31,36.94267515923567
2019-06-03,35.6687898089172
2019-06-04,38.21656050955414
2019-06-05,40.552016985138
2019-06-06,44.37367303609342
2019-06-07,47.13375796178344
2019-06-10,52.016985138004245
2019-06-11,56.05095541401274
2019-06-12,57.961783439490446
2019-06-13,62.20806794055201
2019-06-14,64.54352441613588
2019-06-17,65.2542372881356
2019-06-18,68.22033898305084
2019-06-19,72.2457627118644
2019-06-20,75.84745762711864
2019-06-21,79.23728813559322
2019-06-24,79.02542372881356
2019-06-25,79.23728813559322
2019-06-26,78.8135593220339
2019-06-27,78.8135593220339
2019-06-28,80.08474576271186
2019-07-01,81.60676532769557
2019-07-02,83.72093023255815
2019-07-03,85.41226215644821
2019-07-05,86.25792811839324
2019-07-08,86.25792811839324
2019-07-09,86.04651162790698
2019-07-10,86.89217758985201
2019-07-11,85.83509513742071
2019-07-12,86.04651162790698
2019-07-15,86.04651162790698
2019-07-16,86.25792811839324
2019-07-17,85.20084566596195
2019-07-18,83.33333333333334
2019-07-19,82.48945147679325
2019-07-22,79.957805907173
2019-07-23,79.74683544303798
2019-07-24,79.957805907173
2019-07-25,78.69198312236287
2019-07-26,77.63713080168776
2019-07-29,76.37130801687763
2019-07-30,74.26160337552743
2019-07-31,71.72995780590718
2019-08-01,68.35443037974683
2019-08-02,61.39240506329114
2019-08-05,49.789029535864984
2019-08-06,43.24894514767932
2019-08-07,39.87341772151899
2019-08-08,41.35021097046413
2019-08-09,40.92827004219409
2019-08-12,40.29535864978903
2019-08-13,40.71729957805908
2019-08-14,37.34177215189873
2019-08-15,35.44303797468354
2019-08-16,36.49789029535865
2019-08-19,39.45147679324894
2019-08-20,41.35021097046413
2019-08-21,44.09282700421941
2019-08-22,46.835443037974684
2019-08-23,43.24894514767932
2019-08-26,42.82700421940928
2019-08-27,43.24894514767932
2019-08-28,43.459915611814345
2019-08-29,45.78059071729958
2019-08-30,45.9915611814346
2019-09-03,46.20253164556962
2019-09-04,47.89029535864979
2019-09-05,51.47679324894515
2019-09-06,54.85232067510548
2019-09-09,62.447257383966246
2019-09-10,67.51054852320675
2019-09-11,69.19831223628692
2019-09-12,70.46413502109705
2019-09-13,74.0506329113924
2019-09-16,75.52742616033755
2019-09-17,78.48101265822784
2019-09-18,79.53586497890295
2019-09-19,78.90295358649789
2019-09-20,78.27004219409282
2019-09-23,77.0042194092827
2019-09-24,75.9493670886076
2019-09-25,74.89451476793249
2019-09-26,73.20675105485233
2019-09-27,70.25316455696202
2019-09-30,69.83122362869199
2019-10-01,65.40084388185655
2019-10-02,56.9620253164557
2019-10-03,50.0
2019-10-04,47.89029535864979
2019-10-07,44.303797468354425
2019-10-08,39.029535864978904
2019-10-09,36.49789029535865
2019-10-10,37.130801687763714
2019-10-11,40.50632911392405
2019-10-14,42.616033755274266
2019-10-15,46.41350210970464
2019-10-16,49.57805907172996
2019-10-17,54.008438818565395
2019-10-18,57.383966244725734
2019-10-21,58.64978902953587
2019-10-22,59.91561181434599
2019-10-23,59.49367088607595
2019-10-24,61.05263157894737
2019-10-25,62.73684210526316
2019-10-28,63.578947368421055
2019-10-29,66.10526315789474
2019-10-30,66.94736842105263
2019-10-31,68.21052631578948
2019-11-01,67.78947368421052
2019-11-04,67.78947368421052
2019-11-05,67.15789473684211
2019-11-06,67.15789473684211
2019-11-07,68.0
2019-11-08,67.57894736842105
2019-11-11,67.36842105263158
2019-11-12,67.78947368421052
2019-11-13,68.84210526315789
2019-11-14,69.47368421052632
2019-11-15,69.6842105263158
2019-11-18,71.15789473684211
2019-11-19,71.78947368421052
2019-11-20,71.78947368421052
2019-11-21,71.57894736842105
2019-11-22,70.73684210526315
2019-11-25,72.0
2019-11-26,72.84210526315789
2019-11-27,73.68421052631578
2019-11-29,74.10526315789474
2019-12-02,73.47368421052632
2019-12-03,71.36842105263158
2019-12-04,70.52631578947368
2019-12-05,69.05263157894737
2019-12-06,70.10526315789474
2019-12-09,70.3157894736842
2019-12-10,69.89473684210526
2019-12-11,69.47368421052632
2019-12-12,70.3157894736842
2019-12-13,72.21052631578947
2019-12-16,73.26315789473684
2019-12-17,73.47368421052632
2019-12-18,74.73684210526315
2019-12-19,76.42105263157895
2019-12-20,78.3157894736842
2019-12-23,80.21052631578948
2019-12-24,80.0
2019-12-26,80.63157894736842
2019-12-27,80.84210526315789
2019-12-30,81.05263157894737
2019-12-31,80.84210526315789
2020-01-02,81.6842105263158
2020-01-03,81.05263157894737
2020-01-06,81.47368421052632
2020-01-07,79.78947368421052
2020-01-08,78.10526315789474
2020-01-09,78.73684210526316
2020-01-10,77.47368421052632
2020-01-13,78.94736842105263
2020-01-14,78.73684210526316
2020-01-15,79.15789473684211
2020-01-16,80.63157894736842
2020-01-17,82.52631578947368
2020-01-21,83.15789473684211
2020-01-22,83.15789473684211
2020-01-23,82.10526315789474
2020-01-24,78.10526315789474
2020-01-27,73.05263157894737
2020-01-28,70.94736842105263
2020-01-29,68.21052631578948
2020-01-30,65.47368421052632
2020-01-31,60.0
2020-02-03,56.00000000000001
2020-02-04,57.89473684210527
2020-02-05,60.8421052631579
2020-02-06,63.368421052631575
2020-02-07,62.31578947368421
2020-02-10,63.78947368421053
2020-02-11,65.26315789473685
2020-02-12,67.78947368421052
2020-02-13,69.05263157894737
2020-02-14,70.52631578947368
2020-02-18,70.94736842105263
2020-02-19,70.3157894736842
2020-02-20,70.94736842105263
2020-02-21,68.63157894736842
2020-02-24,62.73684210526316
2020-02-25,51.1578947368421
2020-02-26,41.89473684210526
2020-02-27,29.47368421052631
2020-02-28,17.473684210526315
2020-03-02,14.105263157894738
2020-03-03,11.157894736842106
2020-03-04,14.105263157894738
2020-03-05,15.368421052631579
2020-03-06,14.947368421052632
2020-03-09,9.894736842105264
2020-03-10,9.263157894736842
2020-03-11,6.526315789473684
2020-03-12,2.9473684210526314
2020-03-13,3.1578947368421053
2020-03-16,2.3157894736842106
2020-03-17,2.526315789473684
2020-03-18,2.526315789473684
2020-03-19,2.526315789473684
2020-03-20,2.736842105263158
2020-03-23,1.6842105263157894
2020-03-24,1.8947368421052633
2020-03-25,1.4736842105263157
2020-03-26,1.6842105263157894
2020-03-27,1.6842105263157894
2020-03-30,2.3157894736842106
2020-03-31,2.736842105263158
2020-04-01,3.578947368421052
2020-04-02,5.052631578947368
2020-04-03,5.473684210526316
2020-04-06,7.578947368421053
2020-04-07,8.842105263157894
2020-04-08,14.315789473684209
2020-04-09,19.789473684210527
2020-04-13,24.421052631578945
2020-04-14,33.05263157894737
2020-04-15,37.26315789473684
2020-04-16,41.473684210526315
2020-04-17,50.94736842105263
2020-04-20,53.05263157894737
2020-04-21,52.0
2020-04-22,53.473684210526315
2020-04-23,53.473684210526315
2020-04-24,55.55555555555556
2020-04-27,60.167714884696025
2020-04-28,67.71488469601678
2020-04-29,75.8909853249476
2020-04-30,78.19706498951781
2020-05-01,75.47169811320755
2020-05-04,72.11740041928721
2020-05-05,70.020964360587
2020-05-06,67.29559748427673
2020-05-07,67.29559748427673
2020-05-08,69.81132075471697
2020-05-11,70.85953878406708
2020-05-12,68.34381551362684
2020-05-13,63.941299790356396
2020-05-14,60.37735849056604
2020-05-15,57.65199161425576
2020-05-18,61.84486373165618
2020-05-19,63.52201257861635
2020-05-20,66.87631027253668
2020-05-21,69.18238993710692
2020-05-22,70.020964360587
2020-05-26,76.31027253668763
2020-05-27,82.18029350104821
2020-05-28,86.79245283018868
2020-05-29,90.14675052410901
2020-06-01,93.08176100628931
2020-06-02,95.38784067085953
2020-06-03,96.85534591194968
2020-06-04,96.43605870020964
2020-06-05,96.85534591194968
2020-06-08,97.27463312368972
2020-06-09,97.48427672955975
2020-06-10,96.85534591194968
2020-06-11,95.80712788259959
2020-06-12,93.9203354297694
2020-06-15,92.24318658280922
2020-06-16,91.61425576519916
2020-06-17,91.61425576519916
2020-06-18,90.77568134171908
2020-06-19,87.84067085953879
2020-06-22,84.69601677148847
2020-06-23,80.29350104821803
2020-06-24,74.0041928721174
2020-06-25,70.23060796645703
2020-06-26,60.37735849056604
2020-06-29,57.861635220125784
2020-06-30,57.861635220125784
2020-07-01,58.490566037735846
2020-07-02,59.329140461215935
2020-07-06,63.102725366876314
2020-07-07,63.52201257861635
2020-07-08,61.63522012578616
2020-07-09,57.65199161425576
2020-07-10,57.44234800838575
2020-07-13,57.861635220125784
2020-07-14,60.58700209643606
2020-07-15,65.40880503144653
2020-07-16,69.60167714884696
2020-07-17,72.74633123689728
2020-07-20,73.37526205450735
2020-07-21,75.47169811320755
2020-07-22,77.9874213836478
2020-07-23,79.03563941299791
2020-07-24,78.40670859538784
2020-07-27,79.03563941299791
2020-07-28,78.82599580712788
2020-07-29,80.92243186582809
2020-07-30,79.45492662473794
2020-07-31,79.45492662473794
2020-08-03,77.9874213836478
2020-08-04,77.35849056603774
2020-08-05,77.56813417190776
2020-08-06,78.40670859538784
2020-08-07,80.29350104821803
2020-08-10,81.9706498951782
2020-08-11,82.18029350104821
2020-08-12,82.38993710691824
2020-08-13,81.9706498951782
2020-08-14,82.18029350104821
2020-08-17,81.34171907756813
2020-08-18,80.92243186582809
2020-08-19,80.50314465408806
2020-08-20,78.19706498951781
2020-08-21,76.10062893081762
2020-08-24,76.51991614255765
2020-08-25,75.8909853249476
2020-08-26,75.05241090146751
2020-08-27,75.8909853249476
2020-08-28,77.35849056603774
2020-08-31,77.14884696016772
2020-09-01,76.51991614255765
2020-09-02,78.40670859538784
2020-09-03,76.51991614255765
2020-09-04,74.42348008385744
2020-09-08,68.55345911949685
2020-09-09,66.24737945492663
2020-09-10,62.264150943396224
2020-09-11,59.11949685534591
2020-09-14,58.07127882599581
2020-09-15,58.909853249475894
2020-09-16,60.58700209643606
2020-09-17,58.700209643605874
2020-09-18,56.60377358490566
2020-09-21,51.57232704402516
2020-09-22,45.492662473794546
2020-09-23,39.62264150943396
2020-09-24,32.28511530398323
2020-09-25,31.236897274633122
2020-09-28,33.9622641509434
2020-09-29,35.84905660377358
2020-09-30,37.735849056603776
2020-10-01,42.34800838574424
2020-10-02,44.0251572327044
2020-10-05,50.73375262054507
2020-10-06,54.50733752620545
2020-10-07,58.700209643605874
2020-10-08,65.61844863731656
2020-10-09,73.16561844863732
2020-10-12,76.93920335429769
2020-10-13,79.87421383647799
2020-10-14,80.29350104821803
2020-10-15,79.87421383647799
2020-10-16,80.083857442348
2020-10-19,77.35849056603774
2020-10-20,75.8909853249476
2020-10-21,74.63312368972747
2020-10-22,73.79454926624737
2020-10-23,74.21383647798741
2020-10-26,70.44025157232704
2020-10-27,64.57023060796647
2020-10-28,53.66876310272537
2020-10-29,47.58909853249476
2020-10-30,39.62264150943396
2020-11-02,38.78406708595388
2020-11-03,44.0251572327044
2020-11-04,49.163179916317986
2020-11-05,53.97489539748954
2020-11-06,59.20502092050209
2020-11-09,66.73640167364016
2020-11-10,74.05857740585773
2020-11-11,76.35983263598327
2020-11-12,78.03347280334728
2020-11-13,81.3807531380753
2020-11-16,83.47280334728033
2020-11-17,84.10041841004184
2020-11-18,84.72803347280335
2020-11-19,85.14644351464436
2020-11-20,84.51882845188284
2020-11-23,82.63598326359832
2020-11-24,83.05439330543933
2020-11-25,82.42677824267783
2020-11-27,82.00836820083683
2020-11-30,82.63598326359832
2020-12-01,82.00836820083683
2020-12-02,82.63598326359832
2020-12-03,82.21757322175732
2020-12-04,83.26359832635984
2020-12-07,83.47280334728033
2020-12-08,83.47280334728033
2020-12-09,80.5439330543933
2020-12-10,79.49790794979079
2020-12-11,79.07949790794979
2020-12-14,76.56903765690377
2020-12-15,78.66108786610879
2020-12-16,78.8702928870293
2020-12-17,80.3347280334728
2020-12-18,82.21757322175732
2020-12-21,81.79916317991632
2020-12-22,79.2887029288703
2020-12-23,77.82426778242679
2020-12-24,78.8702928870293
2020-12-28,79.07949790794979
2020-12-29,78.03347280334728
2020-12-30,78.66108786610879
2020-12-31,79.07949790794979
2021-01-04,77.40585774058577
2021-01-05,75.10460251046025
2021-01-06,78.66108786610879
2021-01-07,79.70711297071131
2021-01-08,79.9163179916318
2021-01-11,79.2887029288703
2021-01-12,79.07949790794979
2021-01-13,78.24267782426779
2021-01-14,77.19665271966527
2021-01-15,75.78288100208769
2021-01-19,75.625
2021-01-20,77.08333333333334
2021-01-21,77.91666666666667
2021-01-22,76.66666666666667
2021-01-25,75.625
2021-01-26,74.16666666666667
2021-01-27,66.875
2021-01-28,64.58333333333334
2021-01-29,58.12500000000001
2021-02-01,55.00000000000001
2021-02-02,56.041666666666664
2021-02-03,55.625
2021-02-04,57.70833333333333
2021-02-05,62.5
2021-02-08,65.41666666666667
2021-02-09,68.33333333333333
2021-02-10,70.625
2021-02-11,71.875
2021-02-12,74.58333333333333
2021-02-16,73.75
2021-02-17,72.70833333333333
2021-02-18,72.70833333333333
2021-02-19,70.83333333333334
2021-02-22,69.16666666666667
2021-02-23,68.125
2021-02-24,67.91666666666667
2021-02-25,65.20833333333333
2021-02-26,61.66666666666667
2021-03-01,61.04166666666667
2021-03-02,60.20833333333333
2021-03-03,58.958333333333336
2021-03-04,56.458333333333336
2021-03-05,57.49999999999999
2021-03-08,57.70833333333333
2021-03-09,59.583333333333336
2021-03-10,62.708333333333336
2021-03-11,65.20833333333333
2021-03-12,68.33333333333333
2021-03-15,71.66666666666667
2021-03-16,73.54166666666667
2021-03-17,76.04166666666666
2021-03-18,76.71517671517671
2021-03-19,76.0914760914761
2021-03-22,77.33887733887734
2021-03-23,75.67567567567568
2021-03-24,75.67567567567568
2021-03-25,74.63617463617463
2021-03-26,78.79417879417879
2021-03-29,79.41787941787942
2021-03-30,79.20997920997921
2021-03-31,79.62577962577963
2021-04-01,81.70478170478171
2021-04-05,83.991683991684
2021-04-06,87.31808731808732
2021-04-07,87.94178794178794
2021-04-08,88.77338877338877
2021-04-09,88.77338877338877
2021-04-12,88.98128898128898
2021-04-13,89.81288981288982
2021-04-14,90.64449064449065
2021-04-15,91.68399168399168
2021-04-16,92.0997920997921
2021-04-19,91.8918918918919
2021-04-20,90.02079002079002
2021-04-21,90.22869022869024
2021-04-22,88.35758835758836
2021-04-23,87.94178794178794
2021-04-26,89.3970893970894
2021-04-27,89.1891891891892
2021-04-28,89.81288981288982
2021-04-29,90.43659043659044
2021-04-30,89.1891891891892
2021-05-03,87.94178794178794
2021-05-04,85.03118503118503
2021-05-05,83.16008316008316
2021-05-06,80.87318087318087
2021-05-07,81.28898128898129
2021-05-10,80.45738045738045
2021-05-11,77.13097713097713
2021-05-12,73.18087318087319
2021-05-13,72.34927234927235
2021-05-14,72.34927234927235
2021-05-17,70.47817047817048
2021-05-18,70.06237006237006
2021-05-19,67.42738589211619
2021-05-20,66.45962732919256
2021-05-21,65.21739130434783
2021-05-24,66.25258799171843
2021-05-25,67.70186335403726
2021-05-26,68.53002070393374
2021-05-27,70.39337474120083
2021-05-28,72.87784679089026
2021-06-01,71.42857142857143
2021-06-02,71.01449275362319
2021-06-03,70.80745341614907
2021-06-04,72.04968944099379
2021-06-07,71.2215320910973
2021-06-08,69.56521739130434
2021-06-09,68.73706004140787
2021-06-10,68.32298136645963
2021-06-11,68.94409937888199
2021-06-14,66.25258799171843
2021-06-15,66.25258799171843
2021-06-16,63.14699792960663
2021-06-17,58.38509316770186
2021-06-18,53.41614906832298
2021-06-21,51.96687370600414
2021-06-22,50.103519668737064
2021-06-23,48.4472049689441
2021-06-24,48.24016563146998
2021-06-25,49.4824016563147
2021-06-28,50.103519668737064
2021-06-29,49.896480331262936
2021-06-30,50.103519668737064
2021-07-01,51.345755693581786
2021-07-02,52.587991718426494
2021-07-06,52.79503105590062
2021-07-07,52.38095238095239
2021-07-08,51.345755693581786
2021-07-09,54.037267080745345
2021-07-12,55.48654244306418
2021-07-13,55.6935817805383
2021-07-14,55.27950310559007
2021-07-15,55.072463768115945
2021-07-16,55.27950310559007
2021-07-19,49.68944099378882
2021-07-20,50.103519668737064
2021-07-21,50.31055900621118
2021-07-22,50.72463768115942
2021-07-23,53.62318840579711
2021-07-26,55.48654244306418
2021-07-27,55.90062111801242
2021-07-28,57.14285714285714
2021-07-29,58.59213250517599
2021-07-30,59.62732919254658
2021-08-02,59.21325051759835
2021-08-03,60.24844720496895
2021-08-04,59.42028985507246
2021-08-05,61.28364389233955
2021-08-06,61.697722567287784
2021-08-09,63.14699792960663
2021-08-10,65.0103519668737
2021-08-11,67.70186335403726
2021-08-12,68.94409937888199
2021-08-13,69.77225672877847
2021-08-16,70.39337474120083
2021-08-17,69.35817805383023
2021-08-18,67.90890269151139
2021-08-19,65.21739130434783
2021-08-20,64.38923395445134
2021-08-23,63.975155279503106
2021-08-24,64.80331262939958
2021-08-25,66.25258799171843
2021-08-26,67.08074534161491
2021-08-27,68.11594202898551
2021-08-30,70.1863354037267
2021-08-31,70.1863354037267
2021-09-01,70.39337474120083
2021-09-02,71.48760330578511
2021-09-03,71.48760330578511
2021-09-07,67.76859504132231
2021-09-08,66.52892561983471
2021-09-09,64.6694214876033
2021-09-10,59.71074380165289
2021-09-13,58.88429752066116
2021-09-14,54.54545454545454
2021-09-15,53.099173553719005
2021-09-16,52.68595041322314
2021-09-17,51.03305785123967
2021-09-20,44.421487603305785
2021-09-21,38.84297520661157
2021-09-22,38.01652892561984
2021-09-23,39.25619834710744
2021-09-24,42.97520661157025
2021-09-27,43.18181818181818
2021-09-28,40.49586776859504
2021-09-29,38.01652892561984
2021-09-30,33.264462809917354
2021-10-01,33.057851239669425
2021-10-04,30.991735537190085
2021-10-05,31.198347107438018
2021-10-06,31.818181818181817
2021-10-07,34.090909090909086
2021-10-08,36.77685950413223
2021-10-11,39.0495867768595
2021-10-12,38.22314049586777
2021-10-13,40.082644628099175
2021-10-14,43.595041322314046
2021-10-15,47.72727272727273
2021-10-18,50.82644628099173
2021-10-19,55.16528925619835
2021-10-20,60.537190082644635
2021-10-21,66.11570247933885
2021-10-22,68.80165289256198
2021-10-25,71.07438016528926
2021-10-26,71.69421487603306
2021-10-27,71.48760330578511
2021-10-28,72.93388429752066
2021-10-29,71.28099173553719
2021-11-01,72.52066115702479
2021-11-02,72.52066115702479
2021-11-03,74.79338842975206
2021-11-04,75.20661157024794
2021-11-05,76.03305785123968
2021-11-08,77.68595041322314
2021-11-09,77.68595041322314
2021-11-10,76.85950413223141
2021-11-11,77.47933884297521
2021-11-12,78.71900826446281
2021-11-15,79.13223140495867
2021-11-16,78.92561983471074
2021-11-17,76.65289256198346
2021-11-18,73.14049586776859
2021-11-19,70.0413223140496
2021-11-22,68.80165289256198
2021-11-23,67.76859504132231
2021-11-24,66.94214876033058
2021-11-26,61.77685950413223
2021-11-29,59.50413223140496
2021-11-30,50.413223140495866
2021-12-01,41.52892561983471
2021-12-02,39.46280991735537
2021-12-03,38.01652892561984
2021-12-06,39.46280991735537
2021-12-07,42.768595041322314
2021-12-08,46.48760330578512
2021-12-09,48.96694214876033
2021-12-10,52.892561983471076
2021-12-13,54.132231404958674
2021-12-14,53.71900826446281
2021-12-15,54.132231404958674
2021-12-16,55.371900826446286
2021-12-17,52.892561983471076
2021-12-20,50.6198347107438
2021-12-21,51.2396694214876
2021-12-22,52.892561983471076
2021-12-23,54.33884297520662
2021-12-27,61.36363636363637
2021-12-28,65.9090909090909
2021-12-29,69.00826446280992
2021-12-30,71.48760330578511
2021-12-31,74.17355371900827
2022-01-03,75.0
2022-01-04,77.89256198347107
2022-01-05,78.099173553719
2022-01-06,75.20661157024794
2022-01-07,74.17355371900827
2022-01-10,69.62809917355372
2022-01-11,67.97520661157024
2022-01-12,67.14876033057851
2022-01-13,64.46280991735537
2022-01-14,62.603305785123965
2022-01-18,58.88429752066116
2022-01-19,53.099173553719005
2022-01-20,48.34710743801653
2022-01-21,41.942148760330575
2022-01-24,38.63636363636363
2022-01-25,36.15702479338843
2022-01-26,32.231404958677686
2022-01-27,28.719008264462808
2022-01-28,29.545454545454547
2022-01-31,30.785123966942145
2022-02-01,30.785123966942145
2022-02-02,33.057851239669425
2022-02-03,34.710743801652896
2022-02-04,34.710743801652896
2022-02-07,36.15702479338843
2022-02-08,38.63636363636363
2022-02-09,40.289256198347104
2022-02-10,41.735537190082646
2022-02-11,40.082644628099175
2022-02-14,38.84297520661157
2022-02-15,39.0495867768595
2022-02-16,40.909090909090914
2022-02-17,40.082644628099175
2022-02-18,38.01652892561984
2022-02-22,34.917355371900825
2022-02-23,31.611570247933884
2022-02-24,29.48453608247423
2022-02-25,31.958762886597935
2022-02-28,32.577319587628864
2022-03-01,31.34020618556701
2022-03-02,32.98969072164948
2022-03-03,33.81443298969072
2022-03-04,35.25773195876289
2022-03-07,32.98969072164948
2022-03-08,30.721649484536083
2022-03-09,30.721649484536083
2022-03-10,31.958762886597935
2022-03-11,30.515463917525775
2022-03-14,29.48453608247423
2022-03-15,31.1340206185567
2022-03-16,33.608247422680414
2022-03-17,37.52577319587629
2022-03-18,43.50515463917526
2022-03-21,48.865979381443296
2022-03-22,53.81443298969072
2022-03-23,54.02061855670103
2022-03-24,56.90721649484536
2022-03-25,60.0
2022-03-28,62.68041237113402
2022-03-29,69.27835051546391
2022-03-30,72.78350515463917
2022-03-31,72.16494845360825
2022-04-01,71.75257731958763
2022-04-04,71.95876288659794
2022-04-05,69.27835051546391
2022-04-06,68.04123711340206
2022-04-07,67.0103092783505
2022-04-08,65.15463917525773
2022-04-11,61.03092783505155
2022-04-12,57.319587628865975
2022-04-13,58.14432989690722
2022-04-14,56.70103092783505
2022-04-18,53.608247422680414
2022-04-19,54.43298969072165
2022-04-20,55.670103092783506
2022-04-21,56.08247422680412
2022-04-22,53.1958762886598
2022-04-25,50.103092783505154
2022-04-26,43.50515463917526
2022-04-27,40.618556701030926
2022-04-28,38.96907216494846
2022-04-29,32.98969072164948
2022-05-02,28.45360824742268
2022-05-03,26.18556701030928
2022-05-04,28.04123711340206
2022-05-05,27.216494845360824
2022-05-06,26.39175257731959
2022-05-09,22.474226804123713
2022-05-10,19.587628865979383
2022-05-11,16.90721649484536
2022-05-12,15.051546391752577
2022-05-13,14.845360824742269
2022-05-16,15.876288659793813
2022-05-17,17.525773195876287
2022-05-18,17.31958762886598
2022-05-19,16.082474226804123
2022-05-20,15.257731958762887
2022-05-23,15.670103092783505
2022-05-24,16.288659793814432
2022-05-25,18.762886597938145
2022-05-26,22.474226804123713
2022-05-27,27.216494845360824
2022-05-31,32.577319587628864
2022-06-01,36.70103092783505
2022-06-02,42.47422680412371
2022-06-03,46.18556701030928
2022-06-06,48.24742268041237
2022-06-07,54.02061855670103
2022-06-08,53.81443298969072
2022-06-09,49.072164948453604
2022-06-10,36.08247422680412
2022-06-13,21.443298969072163
2022-06-14,14.845360824742269
2022-06-15,11.134020618556702
2022-06-16,7.216494845360824
2022-06-17,4.948453608247423
2022-06-21,3.5051546391752577
2022-06-22,3.2989690721649487
2022-06-23,4.536082474226804
2022-06-24,8.041237113402062
2022-06-27,11.54639175257732
2022-06-28,13.608247422680412
2022-06-29,15.670103092783505
2022-06-30,16.082474226804123
2022-07-01,17.31958762886598
2022-07-05,18.762886597938145
2022-07-06,21.443298969072163
2022-07-07,26.39175257731959
2022-07-08,28.04123711340206
2022-07-11,29.690721649484537
2022-07-12,30.103092783505154
2022-07-13,28.24742268041237
2022-07-14,26.5979381443299
2022-07-15,26.804123711340207
2022-07-18,27.010309278350515
2022-07-19,31.1340206185567
2022-07-20,37.7319587628866
2022-07-21,47.01030927835051
2022-07-22,52.78350515463918
2022-07-25,59.175257731958766
2022-07-26,62.2680412371134
2022-07-27,67.42268041237114
2022-07-28,74.43298969072166
2022-07-29,79.17525773195877
2022-08-01,81.03092783505154
2022-08-02,82.4742268041237
2022-08-03,82.68041237113401
2022-08-04,82.4742268041237
2022-08-05,82.2680412371134
2022-08-08,83.71134020618557
2022-08-09,82.2680412371134
2022-08-10,84.5360824742268
2022-08-11,86.3917525773196
2022-08-12,88.8659793814433
2022-08-15,90.10309278350516
2022-08-16,91.1340206185567
2022-08-17,91.34020618556701
2022-08-18,91.54639175257732
2022-08-19,90.9278350515464
2022-08-22,89.69072164948454
2022-08-23,86.5979381443299
2022-08-24,85.36082474226804
2022-08-25,84.5360824742268
2022-08-26,77.93814432989691
2022-08-29,72.57731958762886
2022-08-30,61.649484536082475
2022-08-31,52.164948453608254
2022-09-01,46.8041237113402
2022-09-02,39.381443298969074
2022-09-06,33.608247422680414
2022-09-07,35.876288659793815
2022-09-08,37.31958762886598
2022-09-09,40.824742268041234
2022-09-12,46.8041237113402
2022-09-13,41.03092783505154
2022-09-14,38.144329896907216
2022-09-15,35.051546391752574
2022-09-16,30.927835051546392
2022-09-19,29.690721649484537
2022-09-20,26.18556701030928
2022-09-21,21.237113402061855
2022-09-22,16.49484536082474
2022-09-23,11.134020618556702
2022-09-26,7.422680412371134
2022-09-27,5.360824742268041
2022-09-28,5.77319587628866
2022-09-29,5.360824742268041
2022-09-30,4.329896907216495
2022-10-03,5.360824742268041
2022-10-04,6.804123711340206
2022-10-05,10.515463917525773
2022-10-06,14.63917525773196
2022-10-07,14.845360824742269
2022-10-10,15.257731958762887
2022-10-11,15.051546391752577
2022-10-12,15.257731958762887
2022-10-13,15.670103092783505
2022-10-14,14.63917525773196
2022-10-17,17.11340206185567
2022-10-18,21.237113402061855
2022-10-19,23.917525773195877
2022-10-20,24.329896907216494
2022-10-21,29.27835051546392
2022-10-24,32.577319587628864
2022-10-25,39.175257731958766
2022-10-26,45.56701030927835
2022-10-27,52.37113402061856
2022-10-28,60.0
2022-10-31,64.5360824742268
2022-11-01,67.21649484536083
2022-11-02,65.97938144329896
2022-11-03,65.15463917525773
2022-11-04,66.18556701030927
2022-11-07,66.8041237113402
2022-11-08,68.24742268041237
2022-11-09,67.42268041237114
2022-11-10,75.05154639175258
2022-11-11,80.0
2022-11-14,81.03092783505154
2022-11-15,83.09278350515464
2022-11-16,84.94845360824742
2022-11-17,84.3298969072165
2022-11-18,84.3298969072165
2022-11-21,83.91752577319588
2022-11-22,85.97938144329898
2022-11-23,87.83505154639175
2022-11-25,89.48453608247424
2022-11-28,88.8659793814433
2022-11-29,88.65979381443299
2022-11-30,89.89690721649485
2022-12-01,89.27835051546393
2022-12-02,89.27835051546393
2022-12-05,88.45360824742268
2022-12-06,85.36082474226804
2022-12-07,82.68041237113401
2022-12-08,82.06185567010309
2022-12-09,80.0
2022-12-12,78.96907216494846
2022-12-13,78.55670103092784
2022-12-14,76.49484536082474
2022-12-15,73.60824742268042
2022-12-16,67.62886597938144
2022-12-19,57.52577319587628
2022-12-20,51.340206185567006
2022-12-21,50.103092783505154
2022-12-22,45.97938144329897
2022-12-23,45.154639175257735
2022-12-27,44.74226804123712
2022-12-28,41.23711340206185
2022-12-29,42.2680412371134
2022-12-30,42.47422680412371
2023-01-03,40.824742268041234
2023-01-04,42.06185567010309
2023-01-05,41.649484536082475
2023-01-06,47.83505154639175
2023-01-09,51.958762886597945
2023-01-10,58.76288659793815
2023-01-11,64.74226804123711
2023-01-12,68.8659793814433
2023-01-13,71.95876288659794
2023-01-17,74.84536082474227
2023-01-18,73.4020618556701
2023-01-19,69.48453608247422
2023-01-20,68.8659793814433
2023-01-23,71.1340206185567
2023-01-24,72.0164609053498
2023-01-25,71.60493827160494
2023-01-26,72.63374485596708
2023-01-27,73.25102880658436
2023-01-30,73.04526748971193
2023-01-31,74.2798353909465
2023-02-01,75.51440329218107
2023-02-02,74.8971193415638
2023-02-03,74.69135802469135
2023-02-06,74.07407407407408
2023-02-07,75.51440329218107
2023-02-08,72.63374485596708
2023-02-09,70.98765432098766
2023-02-10,69.95884773662551
2023-02-13,70.78189300411523
2023-02-14,71.19341563786008
2023-02-15,70.78189300411523
2023-02-16,69.75308641975309
2023-02-17,68.72427983539094
2023-02-21,62.757201646090536
2023-02-22,58.230452674897116
2023-02-23,55.144032921810705
2023-02-24,50.82304526748971
2023-02-27,46.09053497942387
2023-02-28,42.38683127572017
2023-03-01,39.09465020576132
2023-03-02,38.2716049382716
2023-03-03,40.94650205761317
2023-03-06,41.1522633744856
2023-03-07,39.50617283950617
2023-03-08,37.65432098765432
2023-03-09,33.53909465020576
2023-03-10,26.13168724279835
2023-03-13,22.22222222222222
2023-03-14,21.604938271604937
2023-03-15,20.5761316872428
2023-03-16,21.810699588477366
2023-03-17,20.37037037037037
2023-03-20,22.016460905349795
2023-03-21,23.662551440329217
2023-03-22,22.42798353909465
2023-03-23,22.839506172839506
2023-03-24,23.868312757201647
2023-03-27,24.897119341563787
2023-03-28,25.308641975308642
2023-03-29,27.77777777777778
2023-03-30,31.069958847736622
2023-03-31,39.50617283950617
2023-04-03,45.47325102880658
2023-04-04,49.58847736625515
2023-04-05,51.440329218106996
2023-04-06,52.674897119341566
2023-04-10,54.73251028806584
2023-04-11,58.43621399176955
2023-04-12,58.8477366255144
2023-04-13,60.49382716049383
2023-04-14,62.34567901234568
2023-04-17,64.60905349794238
2023-04-18,67.07818930041152
2023-04-19,68.10699588477365
2023-04-20,68.10699588477365
2023-04-21,67.6954732510288
2023-04-24,67.28395061728395
2023-04-25,63.991769547325106
2023-04-26,55.349794238683124
2023-04-27,56.17283950617284
2023-04-28,57.20164609053497
2023-05-01,59.053497942386834
2023-05-02,56.17283950617284
2023-05-03,51.440329218106996
2023-05-04,48.76543209876543
2023-05-05,50.41152263374485
2023-05-08,50.617283950617285
2023-05-09,50.41152263374485
2023-05-10,50.82304526748971
2023-05-11,49.794238683127574
2023-05-12,49.58847736625515
2023-05-15,49.382716049382715
2023-05-16,45.67901234567901
2023-05-17,45.47325102880658
2023-05-18,47.11934156378601
2023-05-19,47.53086419753087
2023-05-22,47.94238683127572
2023-05-23,46.09053497942387
2023-05-24,40.94650205761317
2023-05-25,37.86008230452675
2023-05-26,36.831275720164605
2023-05-30,35.18518518518518
2023-05-31,34.36213991769547
2023-06-01,35.18518518518518
2023-06-02,37.86008230452675
2023-06-05,41.1522633744856
2023-06-06,46.09053497942387
2023-06-07,51.85185185185185
2023-06-08,55.144032921810705
2023-06-09,58.110882956878854
2023-06-12,59.13757700205339
2023-06-13,65.29774127310061
2023-06-14,66.73511293634496
2023-06-15,70.2258726899384
2023-06-16,72.48459958932239
2023-06-20,71.25256673511294
2023-06-21,72.8952772073922
2023-06-22,72.8952772073922
2023-06-23,70.4312114989733
2023-06-26,70.84188911704312
2023-06-27,72.48459958932239
2023-06-28,71.45790554414785
2023-06-29,71.66324435318275
2023-06-30,75.35934291581108
2023-07-03,77.41273100616016
2023-07-05,77.82340862422998
2023-07-06,77.41273100616016
2023-07-07,77.61806981519507
2023-07-10,78.02874743326488
2023-07-11,79.67145790554414
2023-07-12,81.72484599589322
2023-07-13,84.18891170431212
2023-07-14,85.83162217659137
2023-07-17,85.42094455852155
2023-07-18,85.01026694045176
2023-07-19,85.83162217659137
2023-07-20,88.7063655030801
2023-07-21,89.11704312114989
2023-07-24,89.11704312114989
2023-07-25,89.3223819301848
2023-07-26,89.5277207392197
2023-07-27,86.652977412731
2023-07-28,86.0369609856263
2023-07-31,84.39425051334702
2023-08-01,82.75154004106776
2023-08-02,79.87679671457906
2023-08-03,76.59137577002053
2023-08-04,70.4312114989733
2023-08-07,67.96714579055441
2023-08-08,65.09240246406571
2023-08-09,62.217659137576995
2023-08-10,59.34291581108829
2023-08-11,57.08418891170432
2023-08-14,56.67351129363449
2023-08-15,51.33470225872689
2023-08-16,47.227926078028744
2023-08-17,42.71047227926078
2023-08-18,39.42505133470226
2023-08-21,37.98767967145791
2023-08-22,35.1129363449692
2023-08-23,34.496919917864474
2023-08-24,32.238193018480494
2023-08-25,31.416837782340863
2023-08-28,32.4435318275154
2023-08-29,35.52361396303901
2023-08-30,38.60369609856263
2023-08-31,40.86242299794661
2023-09-01,42.50513347022588
2023-09-05,41.68377823408625
2023-09-06,41.067761806981515
2023-09-07,41.27310061601643
2023-09-08,40.24640657084189
2023-09-11,41.067761806981515
2023-09-12,41.27310061601643
2023-09-13,41.27310061601643
2023-09-14,42.91581108829568
2023-09-15,41.067761806981515
2023-09-18,41.27310061601643
2023-09-19,40.86242299794661
2023-09-20,41.067761806981515
2023-09-21,35.728952772073924
2023-09-22,30.800821355236142
2023-09-25,28.74743326488706
2023-09-26,23.81930184804928
2023-09-27,20.32854209445585
2023-09-28,20.739219712525667
2023-09-29,18.68583162217659
2023-10-02,17.864476386036962
2023-10-03,14.579055441478438
2023-10-04,13.963039014373715
2023-10-05,13.141683778234087
2023-10-06,14.579055441478438
2023-10-09,17.248459958932237
2023-10-10,20.123203285420946
2023-10-11,22.79260780287474
2023-10-12,25.256673511293638
2023-10-13,26.488706365503077
2023-10-16,28.54209445585216
2023-10-17,31.006160164271044
2023-10-18,30.800821355236142
2023-10-19,28.54209445585216
2023-10-20,26.488706365503077
2023-10-23,21.149897330595483
2023-10-24,20.123203285420946
2023-10-25,19.50718685831622
2023-10-26,18.069815195071868
2023-10-27,15.605749486652979
2023-10-30,15.400410677618071
2023-10-31,16.2217659137577
2023-11-01,19.71252566735113
2023-11-02,25.46201232032854
2023-11-03,33.67556468172484
2023-11-06,40.6570841889117
2023-11-07,44.969199178644764
2023-11-08,47.74590163934426
2023-11-09,48.77049180327869
2023-11-10,52.04918032786885
2023-11-13,53.07377049180327
2023-11-14,59.42622950819673
2023-11-15,64.13934426229508
2023-11-16,69.26229508196722
2023-11-17,71.72131147540983
2023-11-20,73.77049180327869
2023-11-21,76.4344262295082
2023-11-22,77.45901639344262
2023-11-24,79.50819672131148
2023-11-27,79.71311475409836
2023-11-28,80.5327868852459
2023-11-29,81.55737704918032
2023-11-30,81.35245901639344
2023-12-01,83.19672131147541
2023-12-04,85.04098360655738
2023-12-05,85.65573770491804
2023-12-06,84.8360655737705
2023-12-07,84.6311475409836
2023-12-08,84.6311475409836
2023-12-11,85.04098360655738
2023-12-12,85.65573770491804
2023-12-13,86.27049180327869
2023-12-14,87.90983606557377
2023-12-15,88.11475409836066
2023-12-18,89.54918032786885
2023-12-19,89.34426229508196
2023-12-20,87.90983606557377
2023-12-21,88.31967213114754
2023-12-22,88.72950819672131
2023-12-26,89.54918032786885
2023-12-27,89.75409836065575
2023-12-28,89.34426229508196
2023-12-29,89.75409836065575
2024-01-02,90.1639344262295
2024-01-03,90.77868852459017
2024-01-04,90.1639344262295
2024-01-05,89.95901639344262
2024-01-08,89.54918032786885
2024-01-09,89.13934426229508
2024-01-10,88.72950819672131
2024-01-11,86.47540983606558
2024-01-12,85.45081967213115
2024-01-16,82.58196721311475
2024-01-17,79.30327868852459
2024-01-18,75.40983606557377
2024-01-19,73.97540983606558
2024-01-22,73.15573770491804
2024-01-23,73.77049180327869
2024-01-24,70.49180327868852
2024-01-25,70.28688524590164
2024-01-26,70.49180327868852
2024-01-29,70.69672131147541
2024-01-30,71.10655737704919
2024-01-31,68.0327868852459
2024-02-01,67.82786885245902
2024-02-02,67.41803278688525
2024-02-05,64.95901639344262
2024-02-06,64.95901639344262
2024-02-07,65.57377049180327
2024-02-08,64.95901639344262
2024-02-09,64.13934426229508
2024-02-12,64.75409836065575
2024-02-13,61.885245901639344
2024-02-14,61.885245901639344
2024-02-15,63.934426229508205
2024-02-16,62.909836065573764
2024-02-20,63.52459016393443
2024-02-21,64.34426229508196
2024-02-22,65.77868852459017
2024-02-23,67.82786885245902
2024-02-26,67.82786885245902
2024-02-27,68.85245901639344
2024-02-28,69.4672131147541
2024-02-29,70.28688524590164
2024-03-01,71.31147540983606
2024-03-04,72.95081967213115
2024-03-05,73.77049180327869
2024-03-06,76.02459016393442
2024-03-07,77.8688524590164
2024-03-08,78.89344262295081
2024-03-11,80.5327868852459
2024-03-12,81.35245901639344
2024-03-13,81.35245901639344
2024-03-14,80.73770491803278
2024-03-15,80.5327868852459
2024-03-18,78.68852459016394
2024-03-19,78.27868852459017
2024-03-20,78.07377049180327
2024-03-21,79.50819672131148
2024-03-22,79.71311475409836
2024-03-25,79.30327868852459
2024-03-26,77.6639344262295
2024-03-27,80.5327868852459
2024-03-28,82.99180327868852
2024-04-01,82.78688524590164
2024-04-02,81.14754098360656
2024-04-03,79.50819672131148
2024-04-04,76.63934426229508
2024-04-05,75.20491803278688
2024-04-08,74.18032786885246
2024-04-09,75.0
2024-04-10,71.72131147540983
2024-04-11,65.3688524590164
2024-04-12,59.42622950819673
2024-04-15,50.204918032786885
2024-04-16,41.59836065573771
2024-04-17,35.040983606557376
2024-04-18,31.967213114754102
2024-04-19,29.713114754098363
2024-04-22,30.122950819672127
2024-04-23,33.60655737704918
2024-04-24,35.86065573770492
2024-04-25,37.09016393442623
2024-04-26,38.31967213114754
2024-04-29,40.16393442622951
2024-04-30,38.72950819672131
2024-05-01,38.65030674846626
2024-05-02,40.40816326530612
2024-05-03,42.04081632653061
2024-05-06,43.46938775510204
2024-05-07,46.53061224489796
2024-05-08,50.40816326530613
2024-05-09,53.46938775510204
2024-05-10,56.53061224489796
2024-05-13,57.55102040816327
2024-05-14,61.836734693877546
2024-05-15,64.89795918367346
2024-05-16,66.53061224489795
2024-05-17,67.14285714285714
2024-05-20,67.55102040816327
2024-05-21,66.73469387755102
2024-05-22,67.14285714285714
2024-05-23,64.6938775510204
2024-05-24,63.87755102040816
2024-05-28,60.61224489795919
2024-05-29,53.673469387755105
2024-05-30,49.59183673469388
2024-05-31,50.61224489795918
2024-06-03,50.40816326530613
2024-06-04,49.59183673469388
2024-06-05,50.204081632653065
2024-06-06,51.22448979591837
2024-06-07,50.0
2024-06-10,49.795918367346935
2024-06-11,50.0
2024-06-12,48.775510204081634
2024-06-13,47.755102040816325
2024-06-14,46.326530612244895
2024-06-17,45.30612244897959
2024-06-18,45.30612244897959
2024-06-20,46.53061224489796
2024-06-21,48.36734693877551
2024-06-24,51.22448979591837
2024-06-25,50.204081632653065
2024-06-26,50.204081632653065
2024-06-27,49.59183673469388
2024-06-28,48.775510204081634
2024-07-01,47.755102040816325
2024-07-02,45.51020408163266
2024-07-03,46.53061224489796
2024-07-05,45.714285714285715
2024-07-08,45.714285714285715
2024-07-09,45.30612244897959
2024-07-10,47.3469387755102
2024-07-11,53.265306122448976
2024-07-12,58.97959183673469
2024-07-15,63.26530612244898
2024-07-16,70.61224489795919
2024-07-17,75.3061224489796
2024-07-18,75.71428571428571
2024-07-19,74.6938775510204
2024-07-22,73.87755102040816
2024-07-23,73.06122448979592
2024-07-24,72.0408163265306
2024-07-25,70.0
2024-07-26,70.0
2024-07-29,70.20408163265306
2024-07-30,70.81632653061224
2024-07-31,71.22448979591837
2024-08-01,68.77551020408164
2024-08-02,62.857142857142854
2024-08-05,57.3469387755102
2024-08-06,54.48979591836734
2024-08-07,52.04081632653062
2024-08-08,51.63265306122449
2024-08-09,51.22448979591837
2024-08-12,50.0
2024-08-13,51.22448979591837
2024-08-14,53.06122448979592
2024-08-15,56.734693877551024
2024-08-16,59.183673469387756
2024-08-19,62.65306122448979
2024-08-20,63.87755102040816
2024-08-21,66.93877551020408
2024-08-22,68.77551020408164
2024-08-23,72.44897959183673
2024-08-26,76.53061224489795
2024-08-27,78.16326530612245
2024-08-28,78.16326530612245
2024-08-29,80.61224489795919
2024-08-30,82.24489795918367
2024-09-03,80.81632653061224
2024-09-04,78.36734693877551
2024-09-05,75.71428571428571
2024-09-06,72.6530612244898
2024-09-09,69.59183673469389
2024-09-10,68.16326530612244
2024-09-11,68.36734693877551
2024-09-12,68.57142857142857
2024-09-13,70.61224489795919
2024-09-16,72.24489795918367
2024-09-17,74.6938775510204
2024-09-18,75.91836734693878
2024-09-19,79.59183673469387
2024-09-20,80.40816326530611
2024-09-23,80.61224489795919
2024-09-24,81.22448979591836
2024-09-25,80.81632653061224
2024-09-26,80.61224489795919
2024-09-27,82.6530612244898
2024-09-30,82.44897959183673
2024-10-01,81.63265306122449
2024-10-02,79.79591836734694
2024-10-03,78.16326530612245
2024-10-04,77.3469387755102
2024-10-07,74.08163265306122
2024-10-08,72.44897959183673
2024-10-09,72.44897959183673
2024-10-10,71.0204081632653
2024-10-11,71.83673469387755
2024-10-14,73.06122448979592
2024-10-15,75.10204081632654
2024-10-16,76.53061224489795
2024-10-17,75.51020408163265
2024-10-18,76.32653061224491
2024-10-21,75.91836734693878
2024-10-22,74.08163265306122
2024-10-23,71.83673469387755
2024-10-24,68.57142857142857
2024-10-25,65.71428571428571
2024-10-28,63.469387755102034
2024-10-29,62.44897959183674
2024-10-30,60.40816326530612
2024-10-31,57.14285714285714
2024-11-01,53.265306122448976
2024-11-04,51.02040816326531
2024-11-05,51.42857142857142
2024-11-06,55.51020408163265
2024-11-07,58.16326530612245
2024-11-08,59.38775510204082
2024-11-11,61.0204081632653
2024-11-12,61.63265306122449
2024-11-13,63.06122448979592
2024-11-14,62.244897959183675
2024-11-15,60.61224489795919
2024-11-18,59.591836734693885
2024-11-19,59.591836734693885
2024-11-20,59.38775510204082
2024-11-21,60.0
2024-11-22,61.63265306122449
2024-11-25,64.6938775510204
2024-11-26,67.3469387755102
2024-11-27,69.79591836734694
2024-11-29,71.22448979591837
2024-12-02,72.44897959183673
2024-12-03,72.44897959183673
2024-12-04,71.42857142857143
2024-12-05,69.59183673469389
2024-12-06,67.75510204081633
2024-12-09,66.93877551020408
2024-12-10,64.48979591836735
2024-12-11,60.816326530612244
2024-12-12,56.53061224489796
2024-12-13,54.48979591836734
2024-12-16,49.795918367346935
2024-12-17,45.102040816326536
2024-12-18,36.3265306122449
2024-12-19,29.591836734693878
2024-12-20,26.73469387755102
2024-12-23,25.71428571428571
2024-12-24,25.510204081632654
2024-12-26,25.71428571428571
2024-12-27,24.489795918367346
2024-12-30,21.836734693877553
2024-12-31,20.816326530612244
2025-01-02,18.16326530612245
2025-01-03,17.959183673469386
2025-01-06,17.959183673469386
2025-01-07,18.979591836734695
2025-01-08,19.591836734693878
2025-01-10,18.16326530612245
2025-01-13,17.959183673469386
2025-01-14,19.387755102040817
2025-01-15,24.693877551020407
2025-01-16,27.95918367346939
2025-01-17,32.6530612244898
2025-01-21,40.40816326530612
2025-01-22,46.73469387755102
2025-01-23,52.85714285714286
2025-01-24,56.326530612244895
2025-01-27,60.61224489795919
2025-01-28,63.6734693877551
2025-01-29,63.469387755102034
2025-01-30,65.91836734693878
2025-01-31,64.6938775510204
2025-02-03,62.857142857142854
2025-02-04,61.63265306122449
2025-02-05,61.224489795918366
2025-02-06,62.04081632653061
2025-02-07,60.204081632653065
2025-02-10,60.40816326530612
2025-02-11,59.591836734693885
2025-02-12,58.77551020408164
2025-02-13,58.16326530612245
2025-02-14,56.326530612244895
2025-02-18,57.95918367346938
2025-02-19,59.591836734693885
2025-02-20,58.77551020408164
2025-02-21,56.12244897959183
2025-02-24,55.51020408163265
2025-02-25,54.89795918367347
2025-02-26,54.08163265306123
2025-02-27,52.04081632653062
2025-02-28,52.04081632653062
2025-03-03,48.775510204081634
2025-03-04,43.46938775510204
2025-03-05,41.83673469387755
2025-03-06,40.61224489795918
2025-03-07,43.06122448979592
2025-03-10,42.04081632653061
2025-03-11,38.775510204081634
2025-03-12,35.91836734693877
2025-03-13,31.22448979591837
2025-03-14,30.612244897959183
2025-03-17,31.428571428571427
2025-03-18,32.04081632653061
2025-03-19,33.87755102040816
2025-03-20,33.87755102040816
2025-03-21,33.6734693877551
2025-03-24,35.30612244897959
2025-03-25,36.53061224489796
2025-03-26,38.36734693877551
2025-03-27,38.57142857142858
2025-03-28,37.3469387755102
2025-03-31,37.755102040816325
2025-04-01,39.59183673469388
2025-04-02,40.20408163265306
2025-04-03,38.163265306122454
2025-04-04,27.755102040816325
2025-04-07,18.367346938775512
2025-04-08,13.673469387755102
2025-04-09,13.46938775510204
2025-04-10,11.428571428571429
2025-04-11,13.673469387755102
2025-04-14,16.53061224489796
2025-04-15,18.979591836734695
2025-04-16,19.591836734693878
2025-04-17,20.20408163265306
2025-04-21,18.571428571428573
2025-04-22,19.79591836734694
2025-04-23,22.040816326530614
2025-04-24,25.918367346938776
2025-04-25,28.163265306122447
2025-04-28,30.816326530612244
2025-04-29,34.48979591836735
2025-04-30,39.183673469387756
2025-05-01,43.87755102040816
2025-05-02,50.204081632653065
2025-05-05,54.285714285714285
2025-05-06,57.3469387755102
2025-05-07,60.40816326530612
2025-05-08,64.28571428571429
2025-05-09,68.16326530612244
2025-05-12,70.20408163265306
2025-05-13,71.83673469387755
2025-05-14,72.44897959183673
2025-05-15,75.10204081632654
2025-05-16,76.32653061224491
2025-05-19,78.9795918367347
2025-05-20,79.59183673469387
2025-05-21,78.36734693877551
2025-05-22,76.73469387755102
2025-05-23,75.71428571428571
2025-05-27,74.89795918367346
2025-05-28,73.06122448979592
2025-05-29,72.85714285714285
2025-05-30,73.06122448979592
2025-06-02,72.6530612244898
2025-06-03,72.6530612244898
2025-06-04,72.85714285714285
2025-06-05,70.81632653061224
2025-06-06,71.0204081632653
2025-06-09,71.42857142857143
2025-06-10,73.87755102040816
2025-06-11,75.10204081632654
2025-06-12,76.53061224489795
2025-06-13,73.87755102040816
2025-06-16,72.24489795918367
2025-06-17,69.79591836734694
2025-06-18,65.10204081632654
2025-06-20,62.65306122448979
2025-06-23,62.04081632653061
2025-06-24,65.91836734693878
2025-06-25,64.89795918367346
2025-06-26,65.51020408163265
2025-06-27,66.53061224489795
2025-06-30,68.77551020408164
2025-07-01,72.44897959183673
2025-07-02,75.71428571428571
2025-07-03,77.55102040816327
2025-07-07,76.93877551020408
2025-07-08,76.73469387755102
2025-07-09,76.53061224489795
2025-07-10,77.14285714285715
2025-07-11,75.3061224489796
2025-07-14,75.10204081632654
2025-07-15,72.24489795918367
2025-07-16,71.42857142857143
2025-07-17,71.22448979591837
2025-07-18,70.40816326530613
2025-07-21,68.77551020408164
2025-07-22,70.81632653061224
2025-07-23,72.85714285714285
2025-07-24,73.87755102040816
2025-07-25,75.3061224489796
2025-07-28,73.87755102040816
2025-07-29,74.08163265306122
2025-07-30,71.0204081632653
2025-07-31,66.53061224489795
2025-08-01,61.63265306122449
2025-08-04,60.0
2025-08-05,57.14285714285714
2025-08-06,54.89795918367347
2025-08-07,54.08163265306123
2025-08-08,53.87755102040816
2025-08-11,53.265306122448976
2025-08-12,54.69387755102041
2025-08-13,57.55102040816327
2025-08-14,58.97959183673469
2025-08-15,58.97959183673469
2025-08-18,59.183673469387756
2025-08-19,60.40816326530612
2025-08-20,61.224489795918366
2025-08-21,62.857142857142854
2025-08-22,65.10204081632654
2025-08-25,66.73469387755102
2025-08-26,66.3265306122449
2025-08-27,67.55102040816327
2025-08-28,67.75510204081633
2025-08-29,66.93877551020408
2025-09-02,65.71428571428571
2025-09-03,64.28571428571429
2025-09-04,63.26530612244898
2025-09-05,62.44897959183674
2025-09-08,63.06122448979592
2025-09-09,62.44897959183674
2025-09-10,60.0
2025-09-11,62.65306122448979
2025-09-12,62.44897959183674
2025-09-15,60.816326530612244
2025-09-16,57.95918367346938
2025-09-17,56.326530612244895
2025-09-18,56.326530612244895
2025-09-19,56.53061224489796
2025-09-22,57.14285714285714
2025-09-23,56.734693877551024
2025-09-24,56.53061224489796
2025-09-25,54.69387755102041
2025-09-26,55.91836734693878
2025-09-29,55.91836734693878
2025-09-30,56.12244897959183
2025-10-01,55.51020408163265
2025-10-02,55.714285714285715
2025-10-03,55.91836734693878
2025-10-06,56.326530612244895
2025-10-07,56.53061224489796
2025-10-08,55.10204081632652
2025-10-09,53.673469387755105
2025-10-10,49.183673469387756
2025-10-13,47.14285714285714
2025-10-14,47.755102040816325
2025-10-15,48.36734693877551
2025-10-16,45.714285714285715
2025-10-17,43.46938775510204
2025-10-20,44.89795918367347
2025-10-21,46.73469387755102
2025-10-22,47.55102040816326
2025-10-23,49.795918367346935
2025-10-24,51.02040816326531
2025-10-27,53.06122448979592
2025-10-28,52.85714285714286
2025-10-29,48.57142857142857
2025-10-30,47.14285714285714
2025-10-31,45.30612244897959
2025-11-03,44.285714285714285
2025-11-04,42.244897959183675
2025-11-05,40.0
2025-11-06,40.40816326530612
2025-11-07,40.20408163265306
2025-11-10,42.04081632653061
2025-11-11,44.89795918367347
2025-11-12,46.12244897959184
2025-11-13,45.714285714285715
2025-11-14,44.69387755102041
2025-11-17,42.857142857142854
2025-11-18,41.224489795918366
2025-11-19,39.183673469387756
2025-11-20,36.93877551020408
2025-11-21,38.9795918367347
2025-11-24,38.9795918367347
2025-11-25,42.244897959183675
2025-11-26,46.53061224489796
2025-11-28,52.04081632653062
2025-12-01,53.87755102040816
2025-12-02,54.89795918367347
2025-12-03,55.306122448979586
2025-12-04,55.91836734693878
2025-12-05,57.55102040816327
2025-12-08,55.714285714285715
2025-12-09,55.51020408163265
2025-12-10,55.306122448979586
2025-12-11,57.75510204081633
2025-12-12,58.97959183673469
2025-12-15,61.0204081632653
2025-12-16,61.42857142857143
2025-12-17,59.795918367346935
2025-12-18,59.591836734693885
2025-12-19,58.97959183673469
2025-12-22,61.42857142857143
2025-12-23,60.61224489795919
2025-12-24,61.63265306122449
2025-12-26,61.224489795918366
2025-12-29,62.857142857142854
2025-12-30,62.857142857142854
2025-12-31,61.0204081632653
2026-01-02,62.44897959183674
2026-01-05,61.0204081632653
2026-01-06,62.65306122448979
2026-01-07,62.244897959183675
2026-01-08,64.08163265306122
2026-01-09,66.12244897959184
2026-01-12,66.93877551020408
2026-01-13,67.14285714285714
2026-01-14,69.38775510204081
2026-01-15,71.0204081632653
2026-01-16,72.0408163265306
2026-01-20,70.40816326530613
2026-01-21,70.0
2026-01-22,69.38775510204081
2026-01-23,69.18367346938776
2026-01-26,68.36734693877551
2026-01-27,66.93877551020408
2026-01-28,65.91836734693878
2026-01-29,63.87755102040816
2026-01-30,63.87755102040816
2026-02-02,64.28571428571429
2026-02-03,63.26530612244898
2026-02-04,64.6938775510204
2026-02-05,64.89795918367346
2026-02-06,65.91836734693878
2026-02-09,66.73469387755102
2026-02-10,67.9591836734694
2026-02-11,67.75510204081633
2026-02-12,66.12244897959184
2026-02-13,66.12244897959184
2026-02-17,66.12244897959184
2026-02-18,67.14285714285714
2026-02-19,66.73469387755102
2026-02-20,67.3469387755102
2026-02-23,64.6938775510204
2026-02-24,63.26530612244898
2026-02-25,63.6734693877551
2026-02-26,64.89795918367346
2026-02-27,63.469387755102034
2026-03-02,62.04081632653061
2026-03-03,59.38775510204082
2026-03-04,58.57142857142858
2026-03-05,56.734693877551024
2026-03-06,53.46938775510204
2026-03-09,50.61224489795918
2026-03-10,45.30612244897959
2026-03-11,41.83673469387755
2026-03-12,37.3469387755102
2026-03-13,35.10204081632653
2026-03-16,32.857142857142854
2026-03-17,30.816326530612244
2026-03-18,29.795918367346943
2026-03-19,27.55102040816326
2026-03-20,23.46938775510204
2026-03-23,23.26530612244898
2026-03-24,22.040816326530614
2026-03-25,21.224489795918366
2026-03-26,20.408163265306122
2026-03-27,19.79591836734694
2026-03-30,18.367346938775512
2026-03-31,18.979591836734695
2026-04-01,20.0
2026-04-02,21.020408163265305
2026-04-06,23.877551020408163
2026-04-07,26.73469387755102
2026-04-08,33.87755102040816
2026-04-09,41.42857142857143
2026-04-10,43.06122448979592
2026-04-13,48.16326530612245
2026-04-14,51.22448979591837
2026-04-15,54.285714285714285
2026-04-16,58.16326530612245
2026-04-17,61.836734693877546
2026-04-20,64.08163265306122
2026-04-21,64.48979591836735
2026-04-22,62.857142857142854
2026-04-23,61.42857142857143
2026-04-24,60.204081632653065
2026-04-27,60.40816326530612
2026-04-28,59.183673469387756
2026-04-29,56.93877551020409
2026-04-30,58.36734693877551
2026-05-01,56.12244897959183
2026-05-04,54.89795918367347
2026-05-05,55.91836734693878
2026-05-06,56.93877551020409
2026-05-07,54.69387755102041
2026-05-08,53.265306122448976
2026-05-11,50.61224489795918
2026-05-12,50.40816326530613
2026-05-13,47.3469387755102
2026-05-14,45.91836734693878
2026-05-15,44.89795918367347
2026-05-18,45.102040816326536
2026-05-19,43.673469387755105
2026-05-20,44.285714285714285
2026-05-21,44.48979591836735
2026-05-22,46.93877551020408
2026-05-26,48.97959183673469
2026-05-27,50.816326530612244
2026-05-28,51.63265306122449
2026-05-29,52.244897959183675
2026-06-01,50.40816326530613
2026-06-02,50.204081632653065
2026-06-03,51.63265306122449
2026-06-04,52.44897959183673
2026-06-05,53.87755102040816
2026-06-08,54.08163265306123
2026-06-09,55.10204081632652
2026-06-10,55.306122448979586
2026-06-11,57.14285714285714
2026-06-12,58.36734693877551
2026-06-15,61.224489795918366
2026-06-16,64.89795918367346
2026-06-17,64.08163265306122
2026-06-18,61.836734693877546
2026-06-22,60.61224489795919
2026-06-23,60.0
2026-06-24,63.26530612244898
2026-06-25,64.28571428571429
2026-06-26,63.87755102040816
2026-06-29,64.89795918367346
2026-06-30,64.6938775510204
2026-07-01,64.89795918367346
2026-07-02,66.93877551020408
2026-07-06,67.9591836734694
2026-07-07,70.20408163265306
2026-07-08,68.9795918367347
2026-07-09,69.59183673469389
2026-07-10,69.38775510204081
2026-07-13,69.18367346938776
2026-07-14,67.3469387755102
2026-07-15,66.3265306122449
2026-07-16,67.75510204081633
2026-07-17,66.73469387755102
2026-07-20,65.71428571428571
2026-07-21,63.469387755102034
2026-07-22,63.26530612244898
2026-07-23,60.816326530612244
2026-07-24,63.6734693877551
2026-07-27,64.08163265306122
2026-07-28,68.77551020408164
2026-07-29,68.36734693877551
2026-07-30,67.14285714285714
2026-07-31,66.53061224489795
2026-08-03,67.3469387755102
2026-08-04,68.36734693877551
2026-08-05,67.3469387755102
2026-08-06,66.53061224489795
2026-08-07,67.3469387755102
2026-08-10,66.93877551020408
2026-08-11,67.3469387755102
2026-08-12,66.3265306122449
2026-08-13,67.3469387755102
2026-08-14,68.16326530612244
2026-08-17,67.75510204081633
2026-08-18,65.71428571428571
2026-08-19,64.08163265306122
2026-08-20,62.65306122448979
2026-08-21,63.06122448979592
2026-08-24,60.61224489795919
2026-08-25,60.0
2026-08-26,58.97959183673469
2026-08-27,57.3469387755102
2026-08-28,56.93877551020409
2026-08-31,54.69387755102041
2026-09-01,52.04081632653062
2026-09-02,51.22448979591837
2026-09-03,51.63265306122449
2026-09-04,50.204081632653065
2026-09-08,47.755102040816325
2026-09-09,42.44897959183673
2026-09-10,39.59183673469388
2026-09-11,38.36734693877551
2026-09-14,36.734693877551024
2026-09-15,35.51020408163265
2026-09-16,32.857142857142854
2026-09-17,31.22448979591837
2026-09-18,29.591836734693878
2026-09-21,27.95918367346939
2026-09-22,26.122448979591837
2026-09-23,24.897959183673468
2026-09-24,24.285714285714285
2026-09-25,24.693877551020407
2026-09-28,23.6734693877551
2026-09-29,23.46938775510204
2026-09-30,21.836734693877553
2026-10-01,22.244897959183675
2026-10-02,22.653061224489797
2026-10-05,23.26530612244898
2026-10-06,23.26530612244898
