tdoy,Year_1,Year_2,Year_3,Year_4
1,-4.904977375565611,3.8888888888888973,6.25,3.489360095164362
2,10.318609696548808,13.33333333333333,25.13888888888889,3.1992592814422682
3,26.48439281750006,14.444444444444438,36.42190346083789,3.576272961870308
4,37.06405195577651,17.222222222222207,43.05352376796196,4.10603522564168
5,42.23114915252204,14.444444444444414,47.58053401378355,2.380566009632279
6,38.26862082742413,7.222222222222197,54.6081784906304,-3.598286082710611
7,25.558710795535376,-0.5555555555555869,63.01079688686031,-9.009939808392243
8,32.053126871166526,-2.777777777777801,69.40337715693323,-20.520466903338285
9,35.025476536317335,-8.888888888888912,75.5634999626399,-25.98349810260987
10,36.65782346325312,-16.666666666666686,75.5634999626399,-29.216462287601665
11,42.977422739634164,-25.00000000000001,75.5634999626399,-29.796655219670498
12,50.22035797052353,-32.77777777777779,71.84393428546531,-25.980305168527973
13,61.80136350449781,-35.55555555555557,77.16653401997087,-20.893785009757913
14,69.28168145919263,-41.666666666666686,77.90472791172074,-13.618519681604946
15,87.23649053040347,-47.22222222222224,80.11015842302307,-13.725394386607604
16,101.12789347889661,-52.77777777777779,83.74141161703561,-13.069771608217984
17,107.55491263141775,-59.44444444444446,88.72664371517224,-12.27180997210061
18,104.04111193056119,-66.11111111111111,92.88973144418338,-9.378257821320801
19,93.24706084487286,-71.11111111111113,96.96486661553936,-5.370340753266056
20,87.52074895158461,-78.33333333333334,98.9611321555617,2.8208859036808143
21,84.21681194624718,-81.11111111111113,104.89043741847581,0.12436888010085578
22,72.53141715861209,-83.33333333333334,115.13495928939963,-0.9783224071249208
23,65.17671251691486,-78.33333333333334,116.3573170126349,-2.8386936608205904
24,62.45846829832418,-70.55555555555557,114.53408119511268,-6.800752168478863
25,83.04310492796236,-65.00000000000001,113.308172159712,-8.136530861704527
26,98.53656695137396,-57.77777777777779,117.00715780410005,-6.0935778686615265
27,118.0184242734589,-49.44444444444446,111.55167059673441,-7.701807901379087
28,140.59148833769052,-43.8888888888889,110.30724900498892,-6.010479773917432
29,165.38953237908842,-42.22222222222223,114.68865002592624,-6.126539453812152
30,170.53270811399003,-43.8888888888889,112.23506545420135,-7.389411120352795
31,174.59680307187654,-42.77777777777779,112.23506545420135,-2.07380919311807
32,179.99989899114374,-43.33333333333334,106.02936178594985,0.9637161698731855
33,179.39389004323388,-43.8888888888889,101.55046261669006,-1.3842772294261896
34,170.28321971573712,-45.55555555555557,95.00661642783645,-1.0385208843464389
35,169.21096070455292,-47.7777777777778,80.78738397997336,-1.6089184432974135
36,168.17553393261235,-54.44444444444445,71.2335791355032,-4.7263511834192755
37,158.76259671051116,-60.00000000000001,63.45023462934398,-7.174972998798679
38,156.13066149143066,-62.77777777777778,56.91222524417021,-12.024041573488308
39,148.73059868651973,-65.55555555555557,44.12046775143894,-23.67271014292457
40,139.1585371991585,-66.66666666666667,36.63369020590965,-36.20969610729233
41,123.28839169305672,-66.11111111111111,29.7029957751751,-46.14541628224713
42,115.34652690065586,-68.33333333333333,29.7029957751751,-55.53835444943205
43,99.84735946465086,-66.11111111111111,31.794979578000504,-62.40196913141863
44,104.72331442485125,-64.44444444444444,33.854276133906765,-66.74966870094914
45,99.86525201852814,-64.44444444444444,39.938561412720695,-71.37235236962181
46,93.20753027682362,-61.66666666666667,38.96676584735459,-72.67832377831989
47,94.22738393479209,-60.00000000000001,36.0308482590302,-74.13792075140857
48,87.81394500635282,-57.77777777777777,31.029714131859976,-76.51471912769611
49,80.63222510298071,-56.666666666666664,22.710367202853,-76.32758541556622
50,64.36192798498506,-52.222222222222214,18.24817203184017,-76.0955029196404
51,61.28451316313854,-51.11111111111111,13.610988814905255,-77.58953398716287
52,71.25925190978518,-50.55555555555556,8.776478652568853,-76.33356281501484
53,69.51968942975664,-49.444444444444436,3.7171075524493613,-76.28660559837796
54,65.53123148588567,-43.88888888888888,13.025053102028172,-76.38033443000494
55,55.65670259454345,-36.11111111111111,9.339453544353349,-79.1445881197205
56,62.77328832770381,-36.66666666666666,13.1536205284587,-82.70227602870935
57,72.57388713051955,-38.888888888888886,19.303273818048837,-87.26600359820995
58,82.9255800028584,-32.77777777777777,21.6425536968341,-87.16247517217913
59,90.77587512070365,-28.888888888888886,18.199839912961437,-84.23551951143597
60,89.70275293254537,-24.444444444444446,28.837825505127945,-81.50916584256298
61,94.7424274074368,-19.444444444444454,36.48074735712703,-83.59129489541488
62,102.03501032625061,-17.777777777777782,45.78625285874936,-83.45896662844241
63,100.76786249975878,-18.333333333333336,49.67388626831599,-86.05170797041275
64,105.5880813939722,-16.11111111111111,53.4630985789063,-85.91602419580587
65,94.84469084899982,-13.888888888888895,57.16100456875943,-79.14281445791099
66,87.62870063604151,-11.111111111111116,58.06422873294772,-77.36333235808989
67,77.28470944484265,-13.333333333333341,59.86041315036756,-77.70483380958424
68,59.23027635302884,-12.777777777777787,59.86041315036756,-75.32668274927322
69,45.1357303600574,-17.777777777777782,64.30098018232219,-72.08019363733548
70,32.656328251523114,-19.999999999999996,64.30098018232219,-69.84134124032937
71,29.64475047837116,-21.666666666666668,73.81314219287769,-69.32567505428318
72,27.05358291384674,-21.111111111111125,77.09263544179991,-71.47700581522761
73,18.84803901732748,-23.33333333333334,83.53236763968354,-70.28342821241867
74,26.234277586777832,-21.111111111111125,88.19844478306531,-71.49083288783889
75,46.141059784442426,-15.555555555555578,91.23390356988894,-71.80760141130736
76,80.71907839415424,-16.666666666666696,100.94500023554738,-72.39494304857179
77,79.03598439187343,-21.111111111111136,101.65757115836844,-72.93888505746693
78,91.91255580572056,-26.11111111111114,101.65757115836844,-71.01265986190467
79,112.23084128391099,-33.888888888888914,100.94750928809249,-66.08640850877438
80,117.82496943731844,-38.33333333333335,93.10913126621654,-65.26733384366142
81,119.7030134453191,-45.55555555555557,91.62367641032256,-57.51722686689067
82,123.50422431286515,-56.11111111111112,94.61779635423386,-49.6509198180112
83,118.55913668748062,-65.55555555555557,90.9318532414643,-43.941022798438645
84,122.4863162891618,-73.88888888888889,86.4216519837919,-40.62629445188758
85,147.57678529967615,-79.44444444444446,82.56996495933338,-39.312512923843165
86,160.90726199442682,-83.33333333333334,86.50466248000868,-35.134792208811625
87,170.3253252883676,-85.00000000000001,87.27534290347975,-35.241093762058405
88,173.9184996985756,-86.66666666666667,92.64799618349764,-34.01549132168744
89,184.18355413899005,-86.11111111111111,95.63478682200149,-33.75773933466279
90,173.29816069097612,-87.77777777777777,92.69291032843756,-35.52881069242927
91,158.5413276838163,-89.44444444444444,91.9460385829785,-34.041014016100725
92,168.1169324128466,-88.33333333333333,85.19793566404566,-35.70685797157643
93,165.5585647371515,-86.11111111111111,83.64165049039822,-35.80437032045675
94,168.5872079684218,-83.33333333333334,84.4264438685623,-30.443861270318727
95,160.84447087081944,-85.0,93.02259167599532,-26.865684725278115
96,160.49966254893548,-86.11111111111111,93.77074125613483,-22.16889799832823
97,152.54857627584798,-87.22222222222223,86.31802043859118,-19.66516486579434
98,135.5264913749843,-84.44444444444444,80.8837448424656,-16.527085368364425
99,133.6233964383945,-81.11111111111111,68.07781600406098,-12.242545668069127
100,153.73383532594866,-80.0,61.14677204513062,-13.502279450176225
101,163.33984861246793,-79.44444444444444,55.71485838068799,-10.317144323447092
102,162.12202238948902,-77.77777777777777,52.900734434049056,-5.2097684079510875
103,150.0855595773502,-77.22222222222221,51.945104843836255,-4.499715296566609
104,140.83749143357335,-75.55555555555556,50.98342696507778,-11.34501542391061
105,146.04093361523755,-74.44444444444444,49.04774200398705,-8.757573566373168
106,157.24227085614183,-72.77777777777777,47.086587503934595,-9.516158398874664
107,161.4495042579946,-70.55555555555554,48.080415797880114,-14.865817104063995
108,166.51091883405783,-69.44444444444444,54.99083520178119,-17.208025485172296
109,166.45707824439438,-68.88888888888889,64.44149588481662,-16.67915689071058
110,156.86198642547228,-70.0,72.4848299226609,-12.723717545993896
111,152.05600502674815,-71.66666666666666,83.58533877906977,-10.497281769105982
112,142.2538270534857,-76.11111111111111,94.0529238848939,-12.218647038826358
113,140.79446664954904,-80.0,102.45679066731057,-5.818362868774429
114,135.5127206781775,-84.44444444444444,109.05864253689677,-2.716855964754694
115,138.3795248816559,-87.77777777777777,112.61406162766035,-2.1270290284780113
116,121.14289294592541,-91.66666666666666,115.41161507012956,-1.350259417592914
117,113.29584014769294,-95.0,116.10203691330305,0.0022454509924774158
118,115.65403653770284,-98.88888888888889,118.1667060557868,-5.580766016120931
119,109.28298640587548,-99.44444444444444,117.48493509936249,-12.109755600112571
120,105.01635409373189,-100.0,118.85276487986162,-12.007229797371387
121,105.66367321283975,,122.93076670992119,-19.109210376080053
122,108.36008847399472,,124.26568148063927,-12.66302091842556
123,117.18634279476095,,126.91971321413797,-8.85330968861524
124,124.62307954656633,,125.60803857128167,-8.740782910453026
125,135.4654741798518,,125.60803857128167,-6.267791352460749
126,158.2181117765215,,126.92738382608452,-6.839329210067701
127,166.42124459819323,,128.23910280773822,-4.7960100582527865
128,175.62197827050326,,133.45599658620083,-2.2556342323660994
129,183.81810551907347,,141.74814947041017,-2.0132669840220885
130,187.44009135313627,,144.21496732214902,-1.5758262116293387
131,196.48853014079145,,148.48872925028664,5.044371191993213
132,191.64372590623424,,153.29044382517142,16.019595408971774
133,192.3871314820736,,155.0575864565098,22.68432400553497
134,191.4059666113284,,157.39756431390896,28.869611386017535
135,185.91119665636936,,157.39756431390896,36.315944942339165
136,178.1581670633003,,156.23811582600848,43.33053627583035
137,187.40850983442715,,155.07339711770845,55.855009511254636
138,191.58899725020063,,155.65842784504264,58.504504868320886
139,188.63370335915133,,158.57690304875317,61.5622650863189
140,185.7462090131967,,158.57690304875317,62.786221640003134
141,181.8847737562616,,157.4225418744284,58.84638537145521
142,193.2562617884744,,155.10341987555964,60.61373204911891
143,197.9624634686699,,153.348121114948,64.88691485525975
144,204.94745017494185,,154.526484468971,62.796136545370615
145,217.9171613048974,,151.59415169859116,63.422642016711436
146,234.20113480061002,,147.44047466583137,65.43534135778344
147,235.5668605918625,,138.99128772602248,67.19933444828985
148,229.78553639674203,,130.2324447203567,62.45291396261907
149,228.0515945668022,,119.8264585183067,57.01758866017541
150,228.0515945668022,,107.53802294896033,54.31098713188951
151,221.9560412893785,,101.73276356577263,47.104155315290264
152,216.73552836927058,,103.97423871650342,43.803741574242096
153,225.60995082509106,,98.80097903891094,40.021858241611305
154,236.1979667085643,,99.55976140165485,38.049719393137906
155,237.2660737264768,,95.02431227888997,32.93770878185922
156,236.17105400658565,,89.60697027114301,33.75805782083425
157,230.88875299681257,,72.87694348251274,34.09720393465321
158,240.12606401797356,,70.23086781696406,38.21864973357574
159,239.5048518905299,,60.375396522297734,41.80995740171471
160,239.5048518905299,,48.92001105641932,49.51605924867486
161,255.2885870019163,,43.74917733918253,54.45182105012727
162,254.92651431617094,,38.38540206533243,55.95258808602275
163,243.8112081554629,,31.68933422346152,65.0960268315963
164,237.1615079058996,,25.81034608848556,69.04120467807948
165,233.34841971371964,,29.510650385205707,67.57221385172782
166,222.72101109060532,,41.50237727272474,71.54970038837698
167,225.0568243555412,,50.346275852270054,72.5405596870555
168,233.69572193976506,,58.698846732951715,75.85627108710516
169,247.30720961918183,,68.61752465376121,79.86608912573001
170,247.31701501753358,,77.98516491230349,88.32494188652187
171,248.8566798966208,,84.21464568423414,90.59391708997397
172,237.17865176304605,,94.5444389001725,87.44849460205121
173,228.53602422879132,,101.0837477707665,74.09882764213987
174,224.26411932077994,,102.66708436738669,76.45489833525723
175,223.9636111622054,,101.09602169787206,61.97499230303502
176,200.65068723741786,,95.55400535186773,55.63630529421566
177,197.92587683881945,,89.03553850680548,45.26055160793463
178,195.78847758355366,,79.75254331227487,41.039234386883486
179,165.67216955891237,,77.08295108486483,31.20507770853944
180,131.66873648448495,,68.95159108607001,20.397089860192217
181,116.02304216470158,,64.20575987578714,22.232207902069657
182,104.66033209879546,,57.363853214296,27.073087422943697
183,107.85950813364198,,46.12357798470343,34.315036910599495
184,103.08093176834151,,35.05360995555924,26.810131023507488
185,90.54507178264141,,27.818595136511416,29.827146638883818
186,88.03789978550138,,20.149479428320728,26.29545031269196
187,85.53072778836138,,17.418809441313442,23.4781889972818
188,62.966179814101196,,3.4403797459189756,16.14424932202565
189,72.99486780266126,,-3.024643988200959,8.608225440411132
190,83.02355579122134,,-6.488049560050923,4.605686283393906
191,93.0522437797814,,-11.882969777740293,11.470434445741628
192,88.03789978550137,,-9.967382164212902,21.724749302763314
193,88.03789978550137,,-4.340343549476211,26.492504723210786
194,90.5450717826414,,8.059982286702816,36.20556766032681
195,95.55941577692144,,16.00556921954861,47.88986880765877
196,98.06658777406145,,23.441823656699157,56.197580756552036
197,115.6167917540416,,31.858311633292292,60.80444009695238
198,138.18133972830177,,42.40697656395569,65.43240293479423
199,143.19568372258183,,51.0005010117806,67.49376909014467
200,165.76023169684197,,inf,68.35874837131301
201,195.8462956625222,,inf,75.53411063553503
202,210.88932764536233,,inf,85.72519947298416
203,248.49690760246256,,inf,95.43564149648209
204,261.03276758816264,,inf,101.01261632404155
205,281.0901435652828,,inf,105.72198157054578
206,303.6546915395429,,inf,103.43618177531751
207,311.1762075309629,,inf,97.40867763492179
208,316.190551525243,,inf,87.72427309228938
209,333.74075550522315,,inf,70.82432603059512
210,373.8555074594634,,inf,51.83119845176696
211,388.8985394423036,,inf,27.09979547219461
212,406.44874342228377,,inf,9.502681317639006
213,421.4917754051239,,inf,-0.3948756430267153
214,434.027635390824,,inf,-6.308710545827989
215,446.563495376524,,inf,0.49146368874901647
216,451.577839370804,,inf,7.310589702404791
217,451.577839370804,,inf,26.236439205669804
218,451.577839370804,,inf,48.966533100445545
219,449.0706673736639,,inf,79.8320970181108
220,469.1280433507841,,inf,97.64083344492163
221,461.6065273593641,,inf,117.3002486068388
222,444.05632337938397,,inf,128.52169478465717
223,451.57783937080404,,inf,136.57592181626197
224,439.04197938510396,,inf,136.87098021663468
225,436.53480738796395,,inf,138.2590149549321
226,416.47743141084374,,inf,135.23446382887775
227,413.97025941370373,,inf,137.0497041358356
228,383.8841954480235,,inf,138.43302612354628
229,376.36267945660336,,inf,140.67355451215056
230,313.683379528103,,inf,144.81729012315205
231,215.90367163964225,,inf,150.1218855373013
232,193.33912366538212,,inf,149.87335210457314
233,145.70285571972178,,inf,150.97740590204626
234,130.65982373688166,,inf,151.96530792058317
235,120.63113574832163,,inf,150.84976749281003
236,140.68851172544177,,inf,153.6489803314418
237,123.13830774546166,,inf,144.73013221404162
238,148.21002771686187,,inf,128.7194910624248
239,148.21002771686187,,inf,113.62489082461593
240,180.8032636796821,,inf,96.0432943390403
241,225.93235962820245,,inf,81.86406235854369
242,266.04711158244277,,inf,71.45633126491174
243,278.58297156814285,,inf,66.83215722751376
244,286.1044875595629,,inf,51.67865046047313
245,281.0901435652829,,inf,27.90811568681688
246,256.01842359388274,,inf,14.909773772803492
247,266.0471115824428,,inf,2.981280733888192
248,263.53993958530276,,inf,-4.843638584845078
249,266.0471115824428,,inf,-5.611591611673184
250,303.6546915395431,,inf,-11.761859782298279
251,331.2335835080833,,inf,-19.50434006056384
252,351.2909594852035,,inf,-26.574904784973775
