Date,RSI_Spread_NY
2017-01-24,54.62753950338601
2017-01-25,57.78781038374717
2017-01-26,52.144469525959366
2017-01-27,45.372460496613996
2017-01-30,35.89164785553047
2017-01-31,36.03603603603604
2017-02-01,30.630630630630627
2017-02-02,31.98198198198198
2017-02-03,36.486486486486484
2017-02-06,31.08108108108108
2017-02-07,29.954954954954957
2017-02-08,30.405405405405407
2017-02-09,34.45945945945946
2017-02-10,37.83783783783784
2017-02-13,42.11711711711712
2017-02-14,40.54054054054054
2017-02-15,43.01801801801801
2017-02-16,39.41441441441441
2017-02-17,41.21621621621621
2017-02-21,45.27027027027027
2017-02-22,40.674157303370784
2017-02-23,37.30337078651685
2017-02-24,38.65168539325843
2017-02-27,36.40449438202247
2017-02-28,28.314606741573037
2017-03-01,38.20224719101123
2017-03-02,24.943820224719104
2017-03-03,21.34831460674157
2017-03-06,15.0561797752809
2017-03-07,14.382022471910114
2017-03-08,9.662921348314606
2017-03-09,9.865470852017937
2017-03-10,12.780269058295964
2017-03-13,13.67713004484305
2017-03-14,9.417040358744396
2017-03-15,18.385650224215244
2017-03-16,13.45291479820628
2017-03-17,13.228699551569507
2017-03-20,10.986547085201794
2017-03-21,2.242152466367713
2017-03-22,2.9147982062780273
2017-03-23,2.242152466367713
2017-03-24,2.466367713004484
2017-03-27,3.1390134529147984
2017-03-28,5.829596412556054
2017-03-29,6.502242152466368
2017-03-30,6.502242152466367
2017-03-31,4.9327354260089695
2017-04-03,2.9147982062780273
2017-04-04,2.4663677130044843
2017-04-05,0.8968609865470851
2017-04-06,2.2421524663677124
2017-04-07,1.1210762331838566
2017-04-10,2.466367713004484
2017-04-11,3.3632286995515694
2017-04-12,0.8968609865470856
2017-04-13,-3.1390134529147984
2017-04-17,2.4663677130044843
2017-04-18,1.7937219730941698
2017-04-19,2.0179372197309413
2017-04-20,4.708520179372197
2017-04-21,3.36322869955157
2017-04-24,10.089686098654708
2017-04-25,13.67713004484305
2017-04-26,17.04035874439462
2017-04-27,19.730941704035875
2017-04-28,14.349775784753362
2017-05-01,15.022421524663677
2017-05-02,14.798206278026907
2017-05-03,11.210762331838566
2017-05-04,12.10762331838565
2017-05-05,19.05829596412556
2017-05-08,15.47085201793722
2017-05-09,13.228699551569507
2017-05-10,15.47085201793722
2017-05-11,12.556053811659194
2017-05-12,9.417040358744394
2017-05-15,12.780269058295964
2017-05-16,12.556053811659194
2017-05-17,-0.6726457399103145
2017-05-18,-0.2242152466367715
2017-05-19,4.0358744394618835
2017-05-22,7.623318385650224
2017-05-23,10.31390134529148
2017-05-24,12.780269058295962
2017-05-25,19.05829596412556
2017-05-26,18.609865470852018
2017-05-30,17.26457399103139
2017-05-31,19.730941704035875
2017-06-01,27.578475336322867
2017-06-02,33.557046979865774
2017-06-05,25.727069351230423
2017-06-06,18.344519015659955
2017-06-07,22.14765100671141
2017-06-08,17.002237136465325
2017-06-09,10.961968680089486
2017-06-12,8.501118568232663
2017-06-13,10.961968680089486
2017-06-14,12.527964205816554
2017-06-15,12.751677852348994
2017-06-16,15.212527964205819
2017-06-19,17.89709172259508
2017-06-20,8.724832214765101
2017-06-21,6.263982102908278
2017-06-22,7.829977628635346
2017-06-23,8.053691275167786
2017-06-26,6.040268456375838
2017-06-27,1.3422818791946307
2017-06-28,3.803131991051454
2017-06-29,0.6711409395973154
2017-06-30,3.131991051454139
2017-07-03,3.579418344519015
2017-07-05,2.460850111856823
2017-07-06,-2.013422818791946
2017-07-07,0.0
2017-07-10,-0.6711409395973154
2017-07-11,-2.4608501118568227
2017-07-12,0.0
2017-07-13,0.22371364653243875
2017-07-14,2.9082774049217
2017-07-17,2.6845637583892614
2017-07-18,2.9082774049217006
2017-07-19,7.158836689038031
2017-07-20,8.277404921700223
2017-07-21,9.619686800894856
2017-07-24,8.053691275167784
2017-07-25,10.29082774049217
2017-07-26,9.172259507829978
2017-07-27,4.921700223713646
2017-07-28,4.921700223713647
2017-07-31,2.6845637583892623
2017-08-01,5.1454138702460845
2017-08-02,4.47427293064877
2017-08-03,4.026845637583892
2017-08-04,4.921700223713647
2017-08-07,5.369127516778524
2017-08-08,6.040268456375839
2017-08-09,3.5794183445190155
2017-08-10,-4.026845637583893
2017-08-11,-4.250559284116331
2017-08-14,0.0
2017-08-15,-0.2237136465324392
2017-08-16,1.3422818791946307
2017-08-17,-7.829977628635347
2017-08-18,-6.040268456375838
2017-08-21,-4.250559284116331
2017-08-22,0.6711409395973149
2017-08-23,-2.0134228187919456
2017-08-24,-1.565995525727069
2017-08-25,-0.4474272930648766
2017-08-28,1.1185682326621924
2017-08-29,0.4474272930648766
2017-08-30,1.1185682326621924
2017-08-31,2.684563758389262
2017-09-01,5.816554809843401
2017-09-05,1.3422818791946307
2017-09-06,2.460850111856823
2017-09-07,2.460850111856823
2017-09-08,6.7114093959731544
2017-09-11,14.98881431767338
2017-09-12,14.988814317673379
2017-09-13,10.961968680089486
2017-09-14,11.409395973154362
2017-09-15,11.85682326621924
2017-09-18,15.212527964205817
2017-09-19,13.870246085011185
2017-09-20,15.883668903803134
2017-09-21,12.751677852348994
2017-09-22,15.436241610738255
2017-09-25,11.856823266219239
2017-09-26,11.633109619686802
2017-09-27,14.31767337807606
2017-09-28,16.778523489932887
2017-09-29,18.568232662192393
2017-10-02,21.252796420581657
2017-10-03,22.595078299776286
2017-10-04,21.476510067114095
2017-10-05,25.727069351230426
2017-10-06,24.384787472035796
2017-10-09,19.46308724832215
2017-10-10,21.700223713646533
2017-10-11,19.686800894854585
2017-10-12,19.01565995525727
2017-10-13,21.252796420581657
2017-10-16,19.01565995525727
2017-10-17,17.449664429530205
2017-10-18,16.778523489932887
2017-10-19,18.568232662192393
2017-10-20,25.27964205816555
2017-10-23,18.568232662192393
2017-10-24,20.357941834451903
2017-10-25,13.422818791946309
2017-10-26,17.89709172259508
2017-10-27,21.47651006711409
2017-10-30,11.85682326621924
2017-10-31,14.765100671140942
2017-11-01,13.19910514541387
2017-11-02,14.988814317673377
2017-11-03,16.10738255033557
2017-11-06,14.093959731543627
2017-11-07,13.870246085011185
2017-11-08,15.883668903803132
2017-11-09,8.277404921700224
2017-11-10,8.94854586129754
2017-11-13,10.51454138702461
2017-11-14,11.856823266219237
2017-11-15,2.460850111856823
2017-11-16,8.053691275167786
2017-11-17,7.606263982102908
2017-11-20,9.619686800894854
2017-11-21,12.751677852348994
2017-11-22,9.619686800894856
2017-11-24,11.633109619686802
2017-11-27,7.829977628635347
2017-11-28,14.76510067114094
2017-11-29,16.33109619686801
2017-11-30,23.713646532438478
2017-12-01,19.01565995525727
2017-12-04,21.923937360178968
2017-12-05,13.42281879194631
2017-12-06,9.395973154362416
2017-12-07,12.975391498881432
2017-12-08,17.002237136465325
2017-12-11,13.199105145413872
2017-12-12,12.97539149888143
2017-12-13,11.633109619686799
2017-12-14,4.25055928411633
2017-12-15,10.51454138702461
2017-12-18,15.212527964205817
2017-12-19,10.067114093959733
2017-12-20,10.290827740492169
2017-12-21,12.080536912751677
2017-12-22,11.85682326621924
2017-12-26,10.961968680089488
2017-12-27,10.961968680089486
2017-12-28,12.304250559284117
2017-12-29,8.277404921700224
2018-01-02,10.738255033557046
2018-01-03,15.212527964205817
2018-01-04,15.436241610738254
2018-01-05,18.79194630872483
2018-01-08,25.05592841163311
2018-01-09,25.279642058165546
2018-01-10,17.67337807606264
2018-01-11,26.174496644295303
2018-01-12,30.872483221476507
2018-01-16,19.239373601789712
2018-01-17,28.63534675615212
2018-01-18,24.161073825503355
2018-01-19,30.87248322147651
2018-01-22,34.67561521252796
2018-01-23,35.71428571428571
2018-01-24,34.151785714285715
2018-01-25,30.803571428571427
2018-01-26,39.50892857142858
2018-01-29,25.446428571428573
2018-01-30,10.9375
2018-01-31,9.375
2018-02-01,9.598214285714285
2018-02-02,-2.008928571428571
2018-02-05,-17.410714285714285
2018-02-06,-9.598214285714285
2018-02-07,-12.05357142857143
2018-02-08,-31.91964285714286
2018-02-09,-13.616071428571429
2018-02-12,-4.6875
2018-02-13,-4.6875
2018-02-14,-3.125
2018-02-15,-0.4464285714285714
2018-02-16,-0.8928571428571428
2018-02-20,-0.669642857142857
2018-02-21,-2.232142857142857
2018-02-22,-1.7857142857142858
2018-02-23,1.1160714285714288
2018-02-26,2.455357142857143
2018-02-27,0.2232142857142858
2018-02-28,-0.4464285714285714
2018-03-01,-2.232142857142857
2018-03-02,-0.6696428571428572
2018-03-05,1.7857142857142858
2018-03-06,4.910714285714286
2018-03-07,4.6875
2018-03-08,4.910714285714286
2018-03-09,9.821428571428571
2018-03-12,7.812500000000001
2018-03-13,5.580357142857143
2018-03-14,6.250000000000001
2018-03-15,4.9107142857142865
2018-03-16,5.133928571428572
2018-03-19,1.1160714285714284
2018-03-20,2.678571428571429
2018-03-21,1.7857142857142858
2018-03-22,-4.910714285714286
2018-03-23,-12.500000000000002
2018-03-26,-2.008928571428571
2018-03-27,-4.017857142857143
2018-03-28,-3.125
2018-03-29,-0.4464285714285714
2018-04-02,-2.678571428571429
2018-04-03,-0.8928571428571428
2018-04-04,-0.2232142857142857
2018-04-05,0.2232142857142857
2018-04-06,-0.8928571428571428
2018-04-09,-0.8928571428571429
2018-04-10,-0.2232142857142857
2018-04-11,-0.2232142857142857
2018-04-12,0.2232142857142857
2018-04-13,0.6696428571428571
2018-04-16,1.5625
2018-04-17,2.455357142857143
2018-04-18,3.571428571428571
2018-04-19,2.6785714285714284
2018-04-20,0.2232142857142856
2018-04-23,0.22321428571428603
2018-04-24,-1.5625
2018-04-25,-1.1160714285714284
2018-04-26,0.4464285714285716
2018-04-27,2.232142857142857
2018-04-30,-0.4464285714285712
2018-05-01,-1.5625
2018-05-02,-4.464285714285714
2018-05-03,-4.6875
2018-05-04,1.1160714285714288
2018-05-07,0.6696428571428577
2018-05-08,0.6696428571428577
2018-05-09,4.910714285714285
2018-05-10,8.928571428571429
2018-05-11,9.598214285714285
2018-05-14,5.357142857142858
2018-05-15,4.4642857142857135
2018-05-16,6.696428571428572
2018-05-17,8.258928571428571
2018-05-18,7.142857142857143
2018-05-21,9.598214285714285
2018-05-22,4.6875
2018-05-23,6.026785714285714
2018-05-24,6.919642857142857
2018-05-25,6.026785714285715
2018-05-29,3.125
2018-05-30,8.035714285714286
2018-05-31,4.6875
2018-06-01,8.482142857142856
2018-06-04,11.160714285714286
2018-06-05,11.830357142857142
2018-06-06,15.625
2018-06-07,9.821428571428571
2018-06-08,10.9375
2018-06-11,11.383928571428571
2018-06-12,13.616071428571427
2018-06-13,10.044642857142858
2018-06-14,12.723214285714286
2018-06-15,13.839285714285715
2018-06-18,11.607142857142858
2018-06-19,7.589285714285714
2018-06-20,8.705357142857142
2018-06-21,3.5714285714285703
2018-06-22,4.6875
2018-06-25,0.4464285714285712
2018-06-26,0.2232142857142856
2018-06-27,-6.026785714285715
2018-06-28,-3.3482142857142856
2018-06-29,-2.2321428571428577
2018-07-02,1.3392857142857144
2018-07-03,1.7857142857142856
2018-07-05,6.026785714285714
2018-07-06,9.598214285714286
2018-07-09,5.133928571428571
2018-07-10,7.366071428571429
2018-07-11,5.357142857142858
2018-07-12,9.151785714285714
2018-07-13,9.151785714285714
2018-07-16,6.026785714285714
2018-07-17,8.035714285714285
2018-07-18,8.705357142857142
2018-07-19,8.035714285714286
2018-07-20,6.696428571428571
2018-07-23,6.0267857142857135
2018-07-24,4.9107142857142865
2018-07-25,11.830357142857144
2018-07-26,10.267857142857142
2018-07-27,5.580357142857142
2018-07-30,2.4553571428571432
2018-07-31,6.696428571428571
2018-08-01,3.3482142857142865
2018-08-02,6.473214285714286
2018-08-03,9.151785714285715
2018-08-06,10.9375
2018-08-07,11.383928571428571
2018-08-08,10.044642857142856
2018-08-09,6.696428571428571
2018-08-10,2.2321428571428568
2018-08-13,1.1160714285714288
2018-08-14,3.125
2018-08-15,1.7857142857142856
2018-08-16,6.696428571428572
2018-08-17,12.276785714285715
2018-08-20,12.946428571428573
2018-08-21,12.946428571428571
2018-08-22,8.258928571428571
2018-08-23,8.035714285714285
2018-08-24,10.044642857142856
2018-08-27,11.383928571428571
2018-08-28,12.723214285714286
2018-08-29,17.41071428571429
2018-08-30,10.714285714285715
2018-08-31,12.276785714285715
2018-09-04,14.062499999999998
2018-09-05,10.714285714285715
2018-09-06,9.821428571428573
2018-09-07,6.696428571428571
2018-09-10,11.383928571428573
2018-09-11,12.723214285714285
2018-09-12,11.160714285714285
2018-09-13,16.294642857142858
2018-09-14,15.848214285714285
2018-09-17,9.151785714285715
2018-09-18,12.946428571428571
2018-09-19,10.267857142857144
2018-09-20,14.508928571428571
2018-09-21,15.178571428571429
2018-09-24,7.142857142857144
2018-09-25,4.6875
2018-09-26,1.7857142857142856
2018-09-27,2.008928571428571
2018-09-28,2.2321428571428577
2018-10-01,2.4553571428571432
2018-10-02,0.4464285714285712
2018-10-03,1.3392857142857149
2018-10-04,-1.7857142857142856
2018-10-05,-6.026785714285715
2018-10-08,-6.25
2018-10-09,-10.9375
2018-10-10,-31.249999999999996
2018-10-11,-45.75892857142857
2018-10-12,-29.464285714285715
2018-10-15,-27.67857142857143
2018-10-16,-8.035714285714285
2018-10-17,-8.928571428571429
2018-10-18,-14.508928571428571
2018-10-19,-16.964285714285715
2018-10-22,-20.535714285714285
2018-10-23,-22.991071428571427
2018-10-24,-40.17857142857143
2018-10-25,-22.544642857142858
2018-10-26,-30.13392857142857
2018-10-29,-28.348214285714285
2018-10-30,-13.839285714285714
2018-10-31,-7.8125
2018-11-01,-2.232142857142857
2018-11-02,-2.2321428571428568
2018-11-05,-0.22321428571428603
2018-11-06,1.3392857142857144
2018-11-07,3.7946428571428577
2018-11-08,3.125
2018-11-09,2.4553571428571432
2018-11-12,-0.22321428571428603
2018-11-13,-1.339285714285714
2018-11-14,-1.339285714285714
2018-11-15,0.0
2018-11-16,0.8928571428571428
2018-11-19,-1.1160714285714288
2018-11-20,-6.4732142857142865
2018-11-21,-3.3482142857142856
2018-11-23,-5.357142857142857
2018-11-26,-2.455357142857143
2018-11-27,-2.4553571428571432
2018-11-28,-0.4464285714285715
2018-11-29,0.0
2018-11-30,1.1160714285714286
2018-12-03,3.125
2018-12-04,0.0
2018-12-06,0.6696428571428568
2018-12-07,-2.3554603854389726
2018-12-10,-4.92505353319058
2018-12-11,-5.995717344753746
2018-12-12,-4.925053533190578
2018-12-13,-4.496788008565311
2018-12-14,-10.064239828693792
2018-12-17,-15.417558886509635
2018-12-18,-15.845824411134904
2018-12-19,-23.554603854389722
2018-12-20,-35.974304068522486
2018-12-21,-45.610278372591004
2018-12-24,-63.811563169164884
2018-12-26,-7.066381156316917
2018-12-27,-5.139186295503212
2018-12-28,-5.3418803418803416
2018-12-31,-2.1367521367521367
2019-01-02,-1.7094017094017095
2019-01-03,-4.05982905982906
2019-01-04,-0.4273504273504274
2019-01-07,0.0
2019-01-08,0.0
2019-01-09,0.0
2019-01-10,-0.4273504273504274
2019-01-11,0.0
2019-01-14,-0.4273504273504273
2019-01-15,0.0
2019-01-16,0.2136752136752138
2019-01-17,1.9230769230769231
2019-01-18,5.3418803418803416
2019-01-22,0.8547008547008548
2019-01-23,1.7094017094017093
2019-01-24,1.282051282051282
2019-01-25,4.7008547008547
2019-01-28,3.2051282051282053
2019-01-29,5.128205128205128
2019-01-30,9.615384615384615
2019-01-31,11.965811965811966
2019-02-01,13.675213675213676
2019-02-04,18.37606837606838
2019-02-05,21.581196581196583
2019-02-06,18.58974358974359
2019-02-07,13.247863247863249
2019-02-08,15.384615384615385
2019-02-11,17.521367521367523
2019-02-12,24.358974358974358
2019-02-13,23.29059829059829
2019-02-14,19.871794871794872
2019-02-15,29.059829059829063
2019-02-19,28.84615384615385
2019-02-20,29.48717948717949
2019-02-21,25.0
2019-02-22,31.837606837606838
2019-02-25,28.63247863247863
2019-02-26,21.36752136752137
2019-02-27,22.22222222222222
2019-02-28,17.521367521367523
2019-03-01,22.435897435897434
2019-03-04,13.247863247863247
2019-03-05,10.897435897435898
2019-03-06,5.769230769230769
2019-03-07,2.7777777777777777
2019-03-08,3.2051282051282053
2019-03-11,9.615384615384615
2019-03-12,13.034188034188034
2019-03-13,15.384615384615385
2019-03-14,15.384615384615385
2019-03-15,18.58974358974359
2019-03-18,19.01709401709402
2019-03-19,14.316239316239319
2019-03-20,10.042735042735043
2019-03-21,20.94017094017094
2019-03-22,4.487179487179488
2019-03-25,4.487179487179487
2019-03-26,10.47008547008547
2019-03-27,5.555555555555555
2019-03-28,8.547008547008549
2019-03-29,10.256410256410255
2019-04-01,14.71215351812367
2019-04-02,13.191489361702127
2019-04-03,14.468085106382977
2019-04-04,12.553191489361701
2019-04-05,16.595744680851062
2019-04-08,18.085106382978722
2019-04-09,9.341825902335458
2019-04-10,10.828025477707007
2019-04-11,12.101910828025478
2019-04-12,21.443736730360932
2019-04-15,17.8343949044586
2019-04-16,17.62208067940552
2019-04-17,9.341825902335454
2019-04-18,14.8619957537155
2019-04-22,9.766454352441613
2019-04-23,17.8343949044586
2019-04-24,17.197452229299362
2019-04-25,12.526539278131635
2019-04-26,16.772823779193207
2019-04-29,17.40976645435244
2019-04-30,19.745222929936308
2019-05-01,6.369426751592358
2019-05-02,6.581740976645436
2019-05-03,13.800424628450106
2019-05-06,10.19108280254777
2019-05-07,0.424628450106157
2019-05-08,-0.424628450106157
2019-05-09,-1.273885350318472
2019-05-10,0.0
2019-05-13,-11.8895966029724
2019-05-14,-6.369426751592355
2019-05-15,-3.821656050955414
2019-05-16,-0.2123142250530785
2019-05-17,-3.1847133757961785
2019-05-20,-5.7324840764331215
2019-05-21,0.6369426751592355
2019-05-22,-0.849256900212314
2019-05-23,-5.520169851380043
2019-05-24,-3.6093418259023355
2019-05-28,-11.252653927813164
2019-05-29,-13.16348195329087
2019-05-30,-12.314225053078557
2019-05-31,-17.372881355932204
2019-06-03,-11.864406779661017
2019-06-04,2.11864406779661
2019-06-05,5.084745762711864
2019-06-06,6.991525423728813
2019-06-07,9.745762711864408
2019-06-10,11.228813559322035
2019-06-11,6.1440677966101696
2019-06-12,8.050847457627118
2019-06-13,8.05084745762712
2019-06-14,7.610993657505286
2019-06-17,6.976744186046512
2019-06-18,8.456659619450319
2019-06-19,12.050739957716702
2019-06-20,15.856236786469346
2019-06-21,10.782241014799153
2019-06-24,7.822410147991543
2019-06-25,6.553911205073996
2019-06-26,1.6913319238900635
2019-06-27,3.171247357293869
2019-06-28,6.765327695560254
2019-07-01,10.782241014799155
2019-07-02,10.970464135021096
2019-07-03,19.198312236286917
2019-07-05,13.502109704641349
2019-07-08,7.172995780590717
2019-07-09,7.383966244725738
2019-07-10,8.860759493670885
2019-07-11,10.337552742616033
2019-07-12,14.345991561181433
2019-07-15,13.502109704641349
2019-07-16,9.493670886075948
2019-07-17,5.69620253164557
2019-07-18,8.649789029535865
2019-07-19,2.742616033755274
2019-07-22,3.3755274261603376
2019-07-23,5.696202531645569
2019-07-24,10.759493670886076
2019-07-25,7.594936708860759
2019-07-26,9.915611814345992
2019-07-29,7.59493670886076
2019-07-30,6.540084388185653
2019-07-31,1.2658227848101267
2019-08-01,0.42194092827004237
2019-08-02,-4.0084388185654
2019-08-05,-19.831223628691983
2019-08-06,-8.649789029535864
2019-08-07,-9.70464135021097
2019-08-08,0.4219409282700428
2019-08-09,-2.9535864978902944
2019-08-12,-6.329113924050633
2019-08-13,0.4219409282700428
2019-08-14,-11.39240506329114
2019-08-15,-11.18143459915612
2019-08-16,-1.2658227848101262
2019-08-19,0.42194092827004237
2019-08-20,-1.0548523206751057
2019-08-21,0.8438818565400843
2019-08-22,2.3206751054852317
2019-08-23,-4.430379746835443
2019-08-26,-0.6329113924050636
2019-08-27,-3.586497890295359
2019-08-28,-1.0548523206751057
2019-08-29,1.2658227848101267
2019-08-30,1.8987341772151902
2019-09-03,3.3755274261603376
2019-09-04,5.063291139240507
2019-09-05,2.5316455696202533
2019-09-06,3.586497890295359
2019-09-09,3.164556962025316
2019-09-10,4.219409282700422
2019-09-11,9.915611814345992
2019-09-12,8.016877637130802
2019-09-13,7.59493670886076
2019-09-16,6.118143459915612
2019-09-17,4.219409282700422
2019-09-18,3.375527426160338
2019-09-19,2.5316455696202533
2019-09-20,1.89873417721519
2019-09-23,2.5316455696202533
2019-09-24,2.953586497890295
2019-09-25,4.219409282700422
2019-09-26,4.4303797468354436
2019-09-27,0.6329113924050636
2019-09-30,2.5316455696202533
2019-10-01,0.6329113924050631
2019-10-02,-3.1645569620253164
2019-10-03,-2.109704641350211
2019-10-04,0.6329113924050633
2019-10-07,-0.8438818565400843
2019-10-08,-3.375527426160338
2019-10-09,-1.0526315789473686
2019-10-10,0.21052631578947367
2019-10-11,0.42105263157894735
2019-10-14,0.631578947368421
2019-10-15,1.4736842105263157
2019-10-16,1.0526315789473684
2019-10-17,1.6842105263157894
2019-10-18,3.368421052631579
2019-10-21,5.684210526315789
2019-10-22,6.315789473684211
2019-10-23,8.842105263157896
2019-10-24,7.7894736842105265
2019-10-25,8.0
2019-10-28,8.631578947368421
2019-10-29,9.68421052631579
2019-10-30,8.842105263157896
2019-10-31,5.6842105263157885
2019-11-01,11.157894736842106
2019-11-04,14.94736842105263
2019-11-05,14.94736842105263
2019-11-06,13.894736842105264
2019-11-07,14.105263157894736
2019-11-08,17.263157894736842
2019-11-11,12.631578947368421
2019-11-12,11.368421052631579
2019-11-13,9.263157894736842
2019-11-14,10.526315789473685
2019-11-15,14.736842105263158
2019-11-18,14.736842105263158
2019-11-19,15.368421052631579
2019-11-20,11.157894736842106
2019-11-21,7.3684210526315805
2019-11-22,7.578947368421051
2019-11-25,12.210526315789474
2019-11-26,11.368421052631579
2019-11-27,15.578947368421053
2019-11-29,8.631578947368423
2019-12-02,4.421052631578947
2019-12-03,2.736842105263158
2019-12-04,3.3684210526315788
2019-12-05,2.105263157894737
2019-12-06,6.526315789473685
2019-12-09,4.0
2019-12-10,3.3684210526315788
2019-12-11,4.631578947368421
2019-12-12,10.736842105263158
2019-12-13,6.947368421052632
2019-12-16,10.94736842105263
2019-12-17,8.421052631578947
2019-12-18,9.473684210526317
2019-12-19,11.368421052631579
2019-12-20,16.842105263157894
2019-12-23,14.31578947368421
2019-12-24,13.26315789473684
2019-12-26,15.157894736842104
2019-12-27,12.421052631578947
2019-12-30,5.894736842105264
2019-12-31,6.526315789473684
2020-01-02,13.052631578947368
2020-01-03,6.7368421052631575
2020-01-06,7.7894736842105265
2020-01-07,6.947368421052632
2020-01-08,9.894736842105264
2020-01-09,14.105263157894738
2020-01-10,11.36842105263158
2020-01-13,17.89473684210526
2020-01-14,14.526315789473685
2020-01-15,20.842105263157894
2020-01-16,27.999999999999996
2020-01-17,30.31578947368421
2020-01-21,26.10526315789474
2020-01-22,24.42105263157895
2020-01-23,24.842105263157894
2020-01-24,16.0
2020-01-27,1.4736842105263168
2020-01-28,7.3684210526315805
2020-01-29,8.000000000000002
2020-01-30,10.736842105263158
2020-01-31,-3.3684210526315788
2020-02-03,0.21052631578947434
2020-02-04,7.36842105263158
2020-02-05,10.736842105263158
2020-02-06,11.157894736842106
2020-02-07,7.7894736842105265
2020-02-10,10.736842105263158
2020-02-11,14.105263157894736
2020-02-12,14.736842105263158
2020-02-13,16.842105263157894
2020-02-14,20.0
2020-02-18,17.894736842105264
2020-02-19,14.947368421052632
2020-02-20,13.263157894736844
2020-02-21,7.368421052631578
2020-02-24,-1.473684210526315
2020-02-25,-23.157894736842103
2020-02-26,-29.89473684210526
2020-02-27,-57.05263157894736
2020-02-28,-64.0
2020-03-02,-14.105263157894735
2020-03-03,-25.263157894736842
2020-03-04,-8.210526315789474
2020-03-05,-19.57894736842105
2020-03-06,-25.05263157894737
2020-03-09,-52.21052631578947
2020-03-10,-22.105263157894736
2020-03-11,-38.10526315789474
2020-03-12,-70.94736842105263
2020-03-13,-24.0
2020-03-16,-56.631578947368425
2020-03-17,-34.10526315789474
2020-03-18,-44.42105263157895
2020-03-19,-32.421052631578945
2020-03-20,-41.26315789473684
2020-03-23,-48.84210526315789
2020-03-24,-6.7368421052631575
2020-03-25,-1.263157894736842
2020-03-26,-0.631578947368421
2020-03-27,-1.263157894736842
2020-03-30,-1.4736842105263157
2020-03-31,-1.0526315789473684
2020-04-01,-1.8947368421052633
2020-04-02,-2.9473684210526314
2020-04-03,-3.578947368421052
2020-04-06,-0.42105263157894735
2020-04-07,0.0
2020-04-08,0.20964360587002098
2020-04-09,0.20964360587002098
2020-04-13,0.41928721174004197
2020-04-14,1.0482180293501049
2020-04-15,0.628930817610063
2020-04-16,1.257861635220126
2020-04-17,1.257861635220126
2020-04-20,1.4675052410901468
2020-04-21,0.628930817610063
2020-04-22,0.8385744234800839
2020-04-23,0.628930817610063
2020-04-24,1.4675052410901468
2020-04-27,1.6771488469601679
2020-04-28,0.41928721174004197
2020-04-29,1.257861635220126
2020-04-30,0.628930817610063
2020-05-01,0.20964360587002098
2020-05-04,0.41928721174004197
2020-05-05,0.628930817610063
2020-05-06,0.628930817610063
2020-05-07,1.6771488469601676
2020-05-08,2.515723270440252
2020-05-11,2.9350104821802936
2020-05-12,1.2578616352201257
2020-05-13,1.2578616352201257
2020-05-14,1.4675052410901468
2020-05-15,2.7253668763102725
2020-05-18,2.7253668763102725
2020-05-19,1.4675052410901468
2020-05-20,2.515723270440252
2020-05-21,2.0964360587002098
2020-05-22,2.9350104821802936
2020-05-26,2.9350104821802936
2020-05-27,5.450733752620545
2020-05-28,3.563941299790356
2020-05-29,7.127882599580712
2020-06-01,6.708595387840671
2020-06-02,10.90146750524109
2020-06-03,17.61006289308176
2020-06-04,14.465408805031446
2020-06-05,34.59119496855346
2020-06-08,43.60587002096436
2020-06-09,13.20754716981132
2020-06-10,6.079664570230608
2020-06-11,0.0
2020-06-12,-0.20964360587002098
2020-06-15,0.20964360587002098
2020-06-16,0.8385744234800839
2020-06-17,1.0482180293501049
2020-06-18,1.0482180293501049
2020-06-19,1.4675052410901468
2020-06-22,2.515723270440252
2020-06-23,2.0964360587002098
2020-06-24,0.419287211740042
2020-06-25,1.6771488469601679
2020-06-26,0.0
2020-06-29,0.628930817610063
2020-06-30,1.0482180293501049
2020-07-01,1.6771488469601676
2020-07-02,1.8867924528301887
2020-07-06,2.9350104821802936
2020-07-07,2.3060796645702304
2020-07-08,5.031446540880504
2020-07-09,5.031446540880504
2020-07-10,4.612159329140461
2020-07-13,1.4675052410901468
2020-07-14,3.3542976939203357
2020-07-15,6.289308176100629
2020-07-16,6.079664570230608
2020-07-17,10.062893081761008
2020-07-20,9.014675052410901
2020-07-21,9.014675052410901
2020-07-22,13.207547169811322
2020-07-23,10.69182389937107
2020-07-24,6.70859538784067
2020-07-27,11.11111111111111
2020-07-28,5.450733752620545
2020-07-29,11.11111111111111
2020-07-30,9.853249475890983
2020-07-31,10.062893081761006
2020-08-03,10.062893081761006
2020-08-04,11.320754716981133
2020-08-05,11.740041928721174
2020-08-06,11.320754716981131
2020-08-07,13.417190775681343
2020-08-10,16.352201257861637
2020-08-11,11.740041928721174
2020-08-12,15.303983228511532
2020-08-13,11.530398322851154
2020-08-14,10.272536687631026
2020-08-17,11.530398322851152
2020-08-18,9.014675052410903
2020-08-19,7.337526205450734
2020-08-20,5.450733752620545
2020-08-21,7.337526205450734
2020-08-24,10.69182389937107
2020-08-25,8.385744234800839
2020-08-26,11.320754716981131
2020-08-27,10.901467505241092
2020-08-28,15.09433962264151
2020-08-31,9.853249475890985
2020-09-01,12.368972746331238
2020-09-02,22.431865828092242
2020-09-03,1.4675052410901468
2020-09-04,0.6289308176100629
2020-09-08,-2.0964360587002098
2020-09-09,0.0
2020-09-10,-2.9350104821802936
2020-09-11,-1.4675052410901468
2020-09-14,2.30607966457023
2020-09-15,1.467505241090147
2020-09-16,3.3542976939203353
2020-09-17,2.306079664570231
2020-09-18,-0.20964360587002107
2020-09-21,-3.3542976939203357
2020-09-22,-2.515723270440252
2020-09-23,-5.870020964360587
2020-09-24,-4.821802935010482
2020-09-25,-2.306079664570231
2020-09-28,0.20964360587002098
2020-09-29,-0.209643605870021
2020-09-30,0.0
2020-10-01,-0.20964360587002107
2020-10-02,1.677148846960168
2020-10-05,4.40251572327044
2020-10-06,2.306079664570231
2020-10-07,4.821802935010482
2020-10-08,9.224318658280922
2020-10-09,10.90146750524109
2020-10-12,14.675052410901468
2020-10-13,10.272536687631026
2020-10-14,6.708595387840671
2020-10-15,7.547169811320756
2020-10-16,8.59538784067086
2020-10-19,4.1928721174004195
2020-10-20,4.811715481171548
2020-10-21,3.5564853556485354
2020-10-22,7.531380753138075
2020-10-23,10.460251046025107
2020-10-26,2.7196652719665275
2020-10-27,2.3012552301255225
2020-10-28,-12.343096234309623
2020-10-29,-5.439330543933055
2020-10-30,-7.740585774058577
2020-11-02,-1.4644351464435146
2020-11-03,1.4644351464435146
2020-11-04,2.510460251046025
2020-11-05,5.857740585774058
2020-11-06,8.786610878661087
2020-11-09,16.94560669456067
2020-11-10,17.36401673640167
2020-11-11,11.92468619246862
2020-11-12,5.02092050209205
2020-11-13,9.623430962343097
2020-11-16,19.665271966527197
2020-11-17,15.062761506276152
2020-11-18,6.066945606694561
2020-11-19,7.94979079497908
2020-11-20,6.06694560669456
2020-11-23,12.343096234309623
2020-11-24,22.17573221757322
2020-11-25,14.644351464435147
2020-11-27,12.97071129707113
2020-11-30,5.439330543933055
2020-12-01,8.99581589958159
2020-12-02,7.949790794979079
2020-12-03,10.460251046025103
2020-12-04,17.15481171548117
2020-12-07,13.389121338912133
2020-12-08,14.435146443514643
2020-12-09,9.205020920502092
2020-12-10,10.460251046025107
2020-12-11,7.94979079497908
2020-12-14,3.974895397489539
2020-12-15,6.903765690376569
2020-12-16,7.531380753138075
2020-12-17,9.205020920502092
2020-12-18,8.577405857740585
2020-12-21,5.02092050209205
2020-12-22,5.439330543933054
2020-12-23,4.602510460251045
2020-12-24,4.184100418410042
2020-12-28,5.648535564853557
2020-12-29,2.928870292887029
2020-12-30,3.7578288100208774
2020-12-31,5.416666666666666
2021-01-04,1.458333333333333
2021-01-05,3.7499999999999996
2021-01-06,13.75
2021-01-07,20.0
2021-01-08,20.0
2021-01-11,17.5
2021-01-12,22.083333333333332
2021-01-13,14.999999999999998
2021-01-14,17.916666666666664
2021-01-15,10.625
2021-01-19,12.083333333333334
2021-01-20,9.375
2021-01-21,7.916666666666665
2021-01-22,7.499999999999999
2021-01-25,6.875
2021-01-26,6.250000000000001
2021-01-27,2.5000000000000004
2021-01-28,2.083333333333333
2021-01-29,-1.6666666666666665
2021-02-01,0.4166666666666665
2021-02-02,1.0416666666666665
2021-02-03,1.0416666666666665
2021-02-04,1.6666666666666667
2021-02-05,3.75
2021-02-08,7.083333333333334
2021-02-09,6.666666666666668
2021-02-10,6.458333333333334
2021-02-11,8.541666666666666
2021-02-12,10.208333333333334
2021-02-16,10.416666666666666
2021-02-17,8.75
2021-02-18,5.208333333333334
2021-02-19,7.499999999999999
2021-02-22,11.458333333333332
2021-02-23,13.333333333333332
2021-02-24,19.166666666666668
2021-02-25,1.2499999999999996
2021-02-26,-3.958333333333333
2021-03-01,3.541666666666667
2021-03-02,0.625
2021-03-03,0.8316008316008308
2021-03-04,-2.910602910602911
2021-03-05,2.9106029106029108
2021-03-08,4.5738045738045745
2021-03-09,2.7027027027027026
2021-03-10,6.029106029106029
2021-03-11,6.02910602910603
2021-03-12,10.187110187110187
2021-03-15,13.097713097713099
2021-03-16,5.8212058212058215
2021-03-17,6.237006237006238
2021-03-18,6.02910602910603
2021-03-19,3.742203742203743
2021-03-22,4.365904365904367
2021-03-23,1.8711018711018712
2021-03-24,1.4553014553014554
2021-03-25,3.3264033264033266
2021-03-26,9.771309771309772
2021-03-29,10.810810810810812
2021-03-30,4.365904365904366
2021-03-31,1.4553014553014554
2021-04-01,3.3264033264033266
2021-04-05,8.523908523908524
2021-04-06,6.860706860706861
2021-04-07,5.405405405405405
2021-04-08,5.405405405405405
2021-04-09,8.93970893970894
2021-04-12,9.355509355509357
2021-04-13,8.939708939708941
2021-04-14,6.652806652806653
2021-04-15,16.008316008316008
2021-04-16,21.62162162162162
2021-04-19,17.67151767151767
2021-04-20,17.255717255717254
2021-04-21,20.16632016632017
2021-04-22,14.137214137214137
2021-04-23,19.334719334719335
2021-04-26,12.266112266112266
2021-04-27,12.889812889812891
2021-04-28,10.810810810810812
2021-04-29,17.04781704781705
2021-04-30,11.01871101871102
2021-05-03,14.553014553014554
2021-05-04,15.560165975103732
2021-05-05,14.492753623188404
2021-05-06,18.012422360248447
2021-05-07,24.223602484472046
2021-05-10,23.18840579710145
2021-05-11,6.211180124223603
2021-05-12,-2.898550724637681
2021-05-13,0.41407867494824036
2021-05-14,4.761904761904762
2021-05-17,5.590062111801243
2021-05-18,2.070393374741201
2021-05-19,-0.41407867494824013
2021-05-20,0.20703933747412007
2021-05-21,1.8633540372670807
2021-05-24,2.6915113871635614
2021-05-25,1.4492753623188408
2021-05-26,1.0351966873706004
2021-05-27,1.8633540372670805
2021-05-28,1.4492753623188406
2021-06-01,4.140786749482402
2021-06-02,6.418219461697723
2021-06-03,6.625258799171843
2021-06-04,8.281573498964804
2021-06-07,7.246376811594203
2021-06-08,9.109730848861284
2021-06-09,7.0393374741200825
2021-06-10,7.6604554865424435
2021-06-11,7.867494824016563
2021-06-14,8.074534161490682
2021-06-15,5.175983436853001
2021-06-16,1.6563146997929608
2021-06-17,-1.0351966873706004
2021-06-18,-10.973084886128364
2021-06-21,3.519668737060041
2021-06-22,5.383022774327123
2021-06-23,3.933747412008282
2021-06-24,6.211180124223603
2021-06-25,7.039337474120083
2021-06-28,8.074534161490684
2021-06-29,8.281573498964802
2021-06-30,4.3478260869565215
2021-07-01,6.832298136645963
2021-07-02,10.144927536231885
2021-07-06,12.215320910973086
2021-07-07,14.285714285714285
2021-07-08,6.625258799171842
2021-07-09,10.351966873706004
2021-07-12,9.523809523809524
2021-07-13,6.625258799171842
2021-07-14,6.832298136645963
2021-07-15,6.832298136645963
2021-07-16,6.211180124223602
2021-07-19,-6.832298136645963
2021-07-20,3.1055900621118018
2021-07-21,5.175983436853002
2021-07-22,7.453416149068323
2021-07-23,12.629399585921325
2021-07-26,8.281573498964802
2021-07-27,8.074534161490684
2021-07-28,6.625258799171843
2021-07-29,8.074534161490682
2021-07-30,10.559006211180124
2021-08-02,10.144927536231885
2021-08-03,14.078674948240169
2021-08-04,10.351966873706004
2021-08-05,10.559006211180126
2021-08-06,9.937888198757763
2021-08-09,8.695652173913043
2021-08-10,7.6604554865424435
2021-08-11,11.180124223602485
2021-08-12,10.144927536231885
2021-08-13,12.836438923395445
2021-08-16,14.906832298136647
2021-08-17,9.937888198757765
2021-08-18,1.4462809917355375
2021-08-19,2.2727272727272716
2021-08-20,5.785123966942149
2021-08-23,8.264462809917356
2021-08-24,9.090909090909092
2021-08-25,10.950413223140496
2021-08-26,6.6115702479338845
2021-08-27,10.12396694214876
2021-08-30,12.190082644628099
2021-08-31,10.537190082644628
2021-09-01,11.570247933884298
2021-09-02,13.842975206611571
2021-09-03,12.190082644628099
2021-09-07,5.785123966942148
2021-09-08,6.404958677685951
2021-09-09,3.3057851239669422
2021-09-10,0.619834710743802
2021-09-13,-0.41322314049586795
2021-09-14,-1.6528925619834711
2021-09-15,1.2396694214876034
2021-09-16,1.0330578512396693
2021-09-17,-3.099173553719009
2021-09-20,-9.297520661157025
2021-09-21,-10.537190082644628
2021-09-22,-5.371900826446281
2021-09-23,-0.4132231404958677
2021-09-24,0.20661157024793386
2021-09-27,-2.6859504132231407
2021-09-28,-9.504132231404958
2021-09-29,-2.0661157024793386
2021-09-30,-10.537190082644628
2021-10-01,-4.33884297520661
2021-10-04,-8.677685950413224
2021-10-05,-3.3057851239669414
2021-10-06,-2.479338842975207
2021-10-07,2.066115702479339
2021-10-08,1.0330578512396693
2021-10-11,-1.2396694214876032
2021-10-12,-0.8264462809917346
2021-10-13,-0.6198347107438016
2021-10-14,5.785123966942148
2021-10-15,7.644628099173554
2021-10-18,7.644628099173555
2021-10-19,10.74380165289256
2021-10-20,15.289256198347108
2021-10-21,13.842975206611571
2021-10-22,17.148760330578515
2021-10-25,17.975206611570247
2021-10-26,14.876033057851238
2021-10-27,5.37190082644628
2021-10-28,9.09090909090909
2021-10-29,10.330578512396693
2021-11-01,9.917355371900825
2021-11-02,12.1900826446281
2021-11-03,14.462809917355372
2021-11-04,16.115702479338843
2021-11-05,15.495867768595044
2021-11-08,13.223140495867769
2021-11-09,15.702479338842975
2021-11-10,6.611570247933884
2021-11-11,8.057851239669422
2021-11-12,12.190082644628097
2021-11-15,9.917355371900827
2021-11-16,12.8099173553719
2021-11-17,10.950413223140496
2021-11-18,8.47107438016529
2021-11-19,8.057851239669422
2021-11-22,4.958677685950414
2021-11-23,5.578512396694214
2021-11-24,5.578512396694215
2021-11-26,-3.9256198347107443
2021-11-29,-2.8925619834710745
2021-11-30,-11.983471074380164
2021-12-01,-17.975206611570247
2021-12-02,-3.0991735537190084
2021-12-03,-4.338842975206612
2021-12-06,-0.6198347107438016
2021-12-07,1.4462809917355375
2021-12-08,1.0330578512396695
2021-12-09,0.8264462809917356
2021-12-10,3.7190082644628104
2021-12-13,2.892561983471075
2021-12-14,0.8264462809917357
2021-12-15,4.75206611570248
2021-12-16,6.818181818181818
2021-12-17,1.6528925619834711
2021-12-20,0.0
2021-12-21,1.0330578512396693
2021-12-22,2.8925619834710745
2021-12-23,4.132231404958678
2021-12-27,8.47107438016529
2021-12-28,7.851239669421488
2021-12-29,11.363636363636363
2021-12-30,9.297520661157025
2021-12-31,9.297520661157025
2022-01-03,5.991735537190083
2022-01-04,8.47107438016529
2022-01-05,3.71900826446281
2022-01-06,5.785123966942148
2022-01-07,7.8512396694214885
2022-01-10,5.371900826446281
2022-01-11,10.12396694214876
2022-01-12,10.537190082644628
2022-01-13,6.818181818181818
2022-01-14,8.67768595041322
2022-01-18,-4.338842975206612
2022-01-19,-10.123966942148762
2022-01-20,-16.32231404958678
2022-01-21,-22.727272727272727
2022-01-24,-12.603305785123968
2022-01-25,-20.867768595041323
2022-01-26,-25.413223140495866
2022-01-27,-28.719008264462808
2022-01-28,-7.024793388429753
2022-01-31,0.8264462809917357
2022-02-01,1.4462809917355373
2022-02-02,2.8925619834710745
2022-02-03,-1.446280991735537
2022-02-04,-2.272727272727273
2022-02-07,-1.2396694214876032
2022-02-08,0.4123711340206184
2022-02-09,5.154639175257731
2022-02-10,1.0309278350515467
2022-02-11,-2.4742268041237114
2022-02-14,-6.185567010309278
2022-02-15,-2.88659793814433
2022-02-16,-1.4432989690721647
2022-02-17,-5.77319587628866
2022-02-18,-6.391752577319588
2022-02-22,-8.24742268041237
2022-02-23,-16.70103092783505
2022-02-24,-7.628865979381443
2022-02-25,-0.41237113402061853
2022-02-28,0.8247422680412373
2022-03-01,-3.2989690721649483
2022-03-02,3.9175257731958766
2022-03-03,4.536082474226804
2022-03-04,4.742268041237114
2022-03-07,-6.804123711340206
2022-03-08,-8.453608247422682
2022-03-09,0.0
2022-03-10,-0.41237113402061887
2022-03-11,-2.4742268041237114
2022-03-14,-3.9175257731958757
2022-03-15,0.8247422680412371
2022-03-16,1.0309278350515463
2022-03-17,3.0927835051546393
2022-03-18,3.917525773195876
2022-03-21,4.742268041237113
2022-03-22,4.536082474226804
2022-03-23,4.329896907216495
2022-03-24,4.742268041237113
2022-03-25,8.65979381443299
2022-03-28,7.422680412371134
2022-03-29,9.484536082474227
2022-03-30,9.690721649484537
2022-03-31,6.5979381443298974
2022-04-01,10.515463917525773
2022-04-04,8.247422680412372
2022-04-05,7.216494845360824
2022-04-06,9.690721649484537
2022-04-07,9.690721649484537
2022-04-08,10.927835051546392
2022-04-11,4.329896907216495
2022-04-12,4.948453608247423
2022-04-13,4.948453608247422
2022-04-14,5.360824742268042
2022-04-18,5.567010309278351
2022-04-19,8.45360824742268
2022-04-20,13.608247422680414
2022-04-21,8.041237113402062
2022-04-22,-1.6494845360824741
2022-04-25,-1.2371134020618553
2022-04-26,-5.360824742268042
2022-04-27,-6.597938144329897
2022-04-28,-3.7113402061855667
2022-04-29,-9.072164948453608
2022-05-02,-7.010309278350515
2022-05-03,-4.3298969072164954
2022-05-04,0.41237113402061865
2022-05-05,-4.123711340206185
2022-05-06,-8.45360824742268
2022-05-09,-16.701030927835053
2022-05-10,-14.02061855670103
2022-05-11,-18.556701030927837
2022-05-12,-14.63917525773196
2022-05-13,-4.329896907216495
2022-05-16,-4.948453608247422
2022-05-17,-1.2371134020618557
2022-05-18,-7.0103092783505145
2022-05-19,-6.391752577319588
2022-05-20,-4.7422680412371125
2022-05-23,-2.061855670103093
2022-05-24,-2.680412371134021
2022-05-25,-0.8247422680412371
2022-05-26,0.20618556701030932
2022-05-27,1.8556701030927834
2022-05-31,1.0309278350515463
2022-06-01,0.824742268041237
2022-06-02,0.41237113402061853
2022-06-03,1.0309278350515465
2022-06-06,1.0309278350515465
2022-06-07,1.6494845360824744
2022-06-08,1.2371134020618557
2022-06-09,-0.8247422680412372
2022-06-10,-1.8556701030927834
2022-06-13,-14.63917525773196
2022-06-14,-19.175257731958766
2022-06-15,-12.989690721649486
2022-06-16,-26.804123711340207
2022-06-17,-23.505154639175256
2022-06-21,-11.34020618556701
2022-06-22,-9.896907216494846
2022-06-23,-8.45360824742268
2022-06-24,-1.0309278350515465
2022-06-27,-0.2061855670103093
2022-06-28,-0.2061855670103093
2022-06-29,-0.41237113402061853
2022-06-30,-0.824742268041237
2022-07-01,-0.6185567010309276
2022-07-05,-1.6494845360824744
2022-07-06,-1.2371134020618557
2022-07-07,0.8247422680412372
2022-07-08,0.41237113402061853
2022-07-11,0.0
2022-07-12,-0.41237113402061853
2022-07-13,-0.4123711340206186
2022-07-14,-1.6494845360824744
2022-07-15,-0.8247422680412372
2022-07-18,-0.8247422680412372
2022-07-19,-0.2061855670103093
2022-07-20,0.0
2022-07-21,1.4432989690721651
2022-07-22,0.2061855670103091
2022-07-25,0.4123711340206186
2022-07-26,0.4123711340206184
2022-07-27,2.680412371134021
2022-07-28,11.1340206185567
2022-07-29,19.999999999999996
2022-08-01,12.989690721649485
2022-08-02,8.247422680412372
2022-08-03,14.845360824742267
2022-08-04,15.463917525773194
2022-08-05,13.195876288659793
2022-08-08,13.195876288659793
2022-08-09,9.896907216494844
2022-08-10,22.061855670103096
2022-08-11,21.030927835051546
2022-08-12,30.927835051546392
2022-08-15,31.958762886597935
2022-08-16,34.02061855670103
2022-08-17,23.711340206185564
2022-08-18,23.09278350515464
2022-08-19,11.75257731958763
2022-08-22,1.8556701030927834
2022-08-23,2.4742268041237114
2022-08-24,3.5051546391752577
2022-08-25,4.742268041237113
2022-08-26,0.4123711340206184
2022-08-29,0.8247422680412373
2022-08-30,-1.443298969072165
2022-08-31,-3.0927835051546393
2022-09-01,-2.268041237113402
2022-09-02,-3.7113402061855667
2022-09-06,-5.154639175257731
2022-09-07,-0.6185567010309281
2022-09-08,-0.2061855670103092
2022-09-09,1.443298969072165
2022-09-12,2.268041237113402
2022-09-13,-1.0309278350515465
2022-09-14,-1.4432989690721647
2022-09-15,-3.7113402061855667
2022-09-16,-5.360824742268042
2022-09-19,-3.0927835051546393
2022-09-20,-7.628865979381444
2022-09-21,-13.195876288659795
2022-09-22,-19.587628865979383
2022-09-23,-27.216494845360824
2022-09-26,-39.79381443298969
2022-09-27,-41.23711340206185
2022-09-28,-13.402061855670103
2022-09-29,-25.979381443298973
2022-09-30,-29.48453608247423
2022-10-03,-4.948453608247422
2022-10-04,0.0
2022-10-05,-1.443298969072165
2022-10-06,-6.185567010309278
2022-10-07,-11.340206185567009
2022-10-10,-11.54639175257732
2022-10-11,-11.752577319587628
2022-10-12,-12.577319587628866
2022-10-13,-4.123711340206185
2022-10-14,-7.422680412371134
2022-10-17,-0.41237113402061853
2022-10-18,0.41237113402061853
2022-10-19,0.0
2022-10-20,-1.443298969072165
2022-10-21,0.0
2022-10-24,1.0309278350515463
2022-10-25,3.0927835051546393
2022-10-26,5.567010309278351
2022-10-27,7.0103092783505145
2022-10-28,14.43298969072165
2022-10-31,12.577319587628867
2022-11-01,11.752577319587628
2022-11-02,3.2989690721649483
2022-11-03,3.0927835051546397
2022-11-04,6.597938144329897
2022-11-07,9.072164948453608
2022-11-08,10.103092783505154
2022-11-09,1.6494845360824741
2022-11-10,15.463917525773196
2022-11-11,19.381443298969074
2022-11-14,8.041237113402062
2022-11-15,10.721649484536082
2022-11-16,5.154639175257731
2022-11-17,4.123711340206185
2022-11-18,6.185567010309279
2022-11-21,5.56701030927835
2022-11-22,9.896907216494846
2022-11-23,11.34020618556701
2022-11-25,11.54639175257732
2022-11-28,2.88659793814433
2022-11-29,2.268041237113402
2022-11-30,9.278350515463918
2022-12-01,10.515463917525773
2022-12-02,13.195876288659795
2022-12-05,4.123711340206185
2022-12-06,1.649484536082474
2022-12-07,2.268041237113402
2022-12-08,2.6804123711340204
2022-12-09,-0.824742268041237
2022-12-12,1.443298969072165
2022-12-13,2.680412371134021
2022-12-14,1.6494845360824741
2022-12-15,-1.0309278350515463
2022-12-16,-2.0618556701030926
2022-12-19,-2.88659793814433
2022-12-20,-2.6804123711340204
2022-12-21,0.20618556701030927
2022-12-22,-1.649484536082474
2022-12-23,-0.6185567010309279
2022-12-27,-1.0309278350515463
2022-12-28,-3.5051546391752577
2022-12-29,-1.0309278350515463
2022-12-30,-1.443298969072165
2023-01-03,-1.4432989690721651
2023-01-04,0.2061855670103091
2023-01-05,-1.0309278350515463
2023-01-06,4.732510288065844
2023-01-09,2.4691358024691357
2023-01-10,4.11522633744856
2023-01-11,6.584362139917695
2023-01-12,8.436213991769547
2023-01-13,9.876543209876543
2023-01-17,5.349794238683128
2023-01-18,1.646090534979424
2023-01-19,-1.440329218106996
2023-01-20,2.05761316872428
2023-01-23,6.5843621399176975
2023-01-24,4.320987654320987
2023-01-25,5.349794238683128
2023-01-26,8.024691358024691
2023-01-27,9.259259259259258
2023-01-30,2.469135802469135
2023-01-31,7.201646090534979
2023-02-01,13.580246913580247
2023-02-02,27.77777777777778
2023-02-03,9.465020576131687
2023-02-06,4.526748971193416
2023-02-07,7.201646090534979
2023-02-08,4.320987654320988
2023-02-09,2.880658436213992
2023-02-10,1.440329218106996
2023-02-13,2.674897119341564
2023-02-14,4.938271604938272
2023-02-15,6.995884773662551
2023-02-16,2.2633744855967075
2023-02-17,2.2633744855967075
2023-02-21,0.0
2023-02-22,-1.02880658436214
2023-02-23,-0.8230452674897119
2023-02-24,-1.8518518518518516
2023-02-27,-1.8518518518518516
2023-02-28,-2.674897119341564
2023-03-01,-5.555555555555555
2023-03-02,-0.8230452674897122
2023-03-03,2.674897119341564
2023-03-06,0.823045267489712
2023-03-07,-3.292181069958848
2023-03-08,-2.469135802469135
2023-03-09,-11.31687242798354
2023-03-10,-18.93004115226337
2023-03-13,-21.810699588477366
2023-03-14,-13.786008230452675
2023-03-15,-19.547325102880656
2023-03-16,-9.876543209876543
2023-03-17,-17.28395061728395
2023-03-20,-7.613168724279835
2023-03-21,-1.4403292181069958
2023-03-22,-5.349794238683128
2023-03-23,-9.053497942386832
2023-03-24,-5.349794238683128
2023-03-27,-0.8230452674897121
2023-03-28,0.20576131687242805
2023-03-29,0.8230452674897119
2023-03-30,1.234567901234568
2023-03-31,3.4979423868312756
2023-04-03,5.349794238683128
2023-04-04,4.11522633744856
2023-04-05,4.938271604938271
2023-04-06,5.349794238683128
2023-04-10,3.292181069958848
2023-04-11,3.4979423868312756
2023-04-12,3.7037037037037033
2023-04-13,7.818930041152264
2023-04-14,4.732510288065844
2023-04-17,6.172839506172839
2023-04-18,7.20164609053498
2023-04-19,5.349794238683128
2023-04-20,5.967078189300412
2023-04-21,8.024691358024691
2023-04-24,9.053497942386832
2023-04-25,3.703703703703704
2023-04-26,0.2057613168724277
2023-04-27,4.938271604938272
2023-04-28,7.818930041152263
2023-05-01,9.25925925925926
2023-05-02,4.938271604938271
2023-05-03,1.6460905349794244
2023-05-04,-2.674897119341564
2023-05-05,5.349794238683128
2023-05-08,3.909465020576132
2023-05-09,3.0864197530864197
2023-05-10,5.349794238683127
2023-05-11,3.4979423868312747
2023-05-12,3.292181069958848
2023-05-15,3.9094650205761323
2023-05-16,-0.2057613168724277
2023-05-17,3.703703703703704
2023-05-18,8.23045267489712
2023-05-19,5.555555555555555
2023-05-22,4.526748971193416
2023-05-23,0.617283950617284
2023-05-24,-3.0800821355236137
2023-05-25,-5.95482546201232
2023-05-26,-2.874743326488705
2023-05-30,-4.928131416837782
2023-05-31,-5.133470225872689
2023-06-01,-3.0800821355236128
2023-06-02,4.9281314168377826
2023-06-05,5.338809034907596
2023-06-06,5.95482546201232
2023-06-07,2.874743326488707
2023-06-08,3.9014373716632447
2023-06-09,3.9014373716632447
2023-06-12,6.570841889117044
2023-06-13,10.061601642710475
2023-06-14,8.213552361396303
2023-06-15,14.57905544147844
2023-06-16,11.08829568788501
2023-06-20,6.981519507186858
2023-06-21,6.365503080082136
2023-06-22,5.9548254620123195
2023-06-23,5.13347022587269
2023-06-26,3.9014373716632442
2023-06-27,8.41889117043121
2023-06-28,7.597535934291581
2023-06-29,12.320328542094456
2023-06-30,16.632443531827516
2023-07-03,12.114989733059547
2023-07-05,6.77618069815195
2023-07-06,3.080082135523614
2023-07-07,4.9281314168377826
2023-07-10,8.624229979466119
2023-07-11,14.57905544147844
2023-07-12,13.141683778234087
2023-07-13,16.427104722792606
2023-07-14,10.472279260780287
2023-07-17,14.57905544147844
2023-07-18,18.8911704312115
2023-07-19,20.32854209445585
2023-07-20,16.01642710472279
2023-07-21,14.168377823408623
2023-07-24,17.04312114989733
2023-07-25,16.42710472279261
2023-07-26,18.480492813141684
2023-07-27,8.41889117043121
2023-07-28,12.114989733059549
2023-07-31,12.731006160164272
2023-08-01,8.829568788501026
2023-08-02,4.928131416837782
2023-08-03,5.338809034907596
2023-08-04,2.2587268993839835
2023-08-07,7.186858316221765
2023-08-08,2.464065708418892
2023-08-09,2.4640657084188904
2023-08-10,1.6427104722792603
2023-08-11,3.2854209445585223
2023-08-14,1.0266940451745379
2023-08-15,-4.722792607802873
2023-08-16,-7.392197125256674
2023-08-17,-9.65092402464066
2023-08-18,-7.8028747433264884
2023-08-21,-8.008213552361397
2023-08-22,-9.24024640657084
2023-08-23,-3.696098562628336
2023-08-24,-6.365503080082135
2023-08-25,-3.285420944558521
2023-08-28,-0.8213552361396304
2023-08-29,1.4373716632443527
2023-08-30,1.6427104722792605
2023-08-31,1.0266940451745383
2023-09-01,2.258726899383983
2023-09-05,-2.6694045174537986
2023-09-06,-3.4907597535934287
2023-09-07,-4.106776180698153
2023-09-08,-3.2854209445585214
2023-09-11,-2.2587268993839826
2023-09-12,-2.6694045174537986
2023-09-13,-2.2587268993839835
2023-09-14,1.437371663244353
2023-09-15,-2.0533880903490758
2023-09-18,-1.437371663244353
2023-09-19,-1.6427104722792611
2023-09-20,-3.9014373716632442
2023-09-21,-12.93634496919918
2023-09-22,-14.37371663244353
2023-09-25,-12.320328542094456
2023-09-26,-20.123203285420946
2023-09-27,-21.149897330595483
2023-09-28,-15.195071868583163
2023-09-29,-12.525667351129362
2023-10-02,-19.507186858316224
2023-10-03,-26.694045174537987
2023-10-04,-17.04312114989733
2023-10-05,-16.632443531827516
2023-10-06,-12.525667351129364
2023-10-09,-8.418891170431213
2023-10-10,-2.0533880903490758
2023-10-11,-3.696098562628336
2023-10-12,-7.186858316221766
2023-10-13,-5.749486652977412
2023-10-16,3.0800821355236137
2023-10-17,2.874743326488706
2023-10-18,-1.0266940451745383
2023-10-19,-6.365503080082135
2023-10-20,-11.498973305954825
2023-10-23,-13.552361396303903
2023-10-24,-7.991803278688524
2023-10-25,-15.573770491803279
2023-10-26,-15.778688524590166
2023-10-27,-22.950819672131146
2023-10-30,-12.704918032786885
2023-10-31,-7.172131147540983
2023-11-01,-6.352459016393442
2023-11-02,-1.639344262295082
2023-11-03,2.459016393442623
2023-11-06,1.4344262295081966
2023-11-07,2.4590163934426226
2023-11-08,1.844262295081967
2023-11-09,-0.20491803278688536
2023-11-10,6.147540983606557
2023-11-13,4.508196721311476
2023-11-14,15.368852459016393
2023-11-15,12.295081967213115
2023-11-16,14.139344262295081
2023-11-17,15.368852459016393
2023-11-20,17.418032786885245
2023-11-21,14.549180327868852
2023-11-22,18.852459016393443
2023-11-24,20.491803278688526
2023-11-27,18.442622950819672
2023-11-28,12.90983606557377
2023-11-29,14.959016393442623
2023-11-30,22.33606557377049
2023-12-01,33.40163934426229
2023-12-04,32.99180327868852
2023-12-05,21.106557377049178
2023-12-06,17.21311475409836
2023-12-07,20.08196721311475
2023-12-08,22.33606557377049
2023-12-11,28.278688524590166
2023-12-12,30.94262295081967
2023-12-13,47.33606557377049
2023-12-14,48.15573770491803
2023-12-15,36.885245901639344
2023-12-18,33.60655737704918
2023-12-19,38.114754098360656
2023-12-20,14.549180327868852
2023-12-21,22.950819672131146
2023-12-22,25.614754098360653
2023-12-26,30.942622950819672
2023-12-27,31.147540983606557
2023-12-28,31.147540983606557
2023-12-29,20.69672131147541
2024-01-02,13.319672131147541
2024-01-03,5.532786885245901
2024-01-04,5.1229508196721305
2024-01-05,6.352459016393443
2024-01-08,8.60655737704918
2024-01-09,5.737704918032787
2024-01-10,5.327868852459016
2024-01-11,5.327868852459016
2024-01-12,5.737704918032787
2024-01-16,3.6885245901639347
2024-01-17,1.844262295081967
2024-01-18,4.918032786885246
2024-01-19,8.811475409836065
2024-01-22,10.245901639344263
2024-01-23,10.040983606557376
2024-01-24,6.352459016393443
2024-01-25,10.655737704918032
2024-01-26,9.631147540983605
2024-01-29,13.72950819672131
2024-01-30,17.62295081967213
2024-01-31,4.508196721311475
2024-02-01,10.245901639344265
2024-02-02,11.065573770491802
2024-02-05,7.172131147540984
2024-02-06,9.016393442622949
2024-02-07,13.72950819672131
2024-02-08,12.5
2024-02-09,12.295081967213115
2024-02-12,13.72950819672131
2024-02-13,6.967213114754099
2024-02-14,11.680327868852459
2024-02-15,14.754098360655737
2024-02-16,11.475409836065573
2024-02-20,8.19672131147541
2024-02-21,7.786885245901638
2024-02-22,13.72950819672131
2024-02-23,15.368852459016393
2024-02-26,13.524590163934425
2024-02-27,15.573770491803277
2024-02-28,15.16393442622951
2024-02-29,15.16393442622951
2024-03-01,19.672131147540984
2024-03-04,20.081967213114755
2024-03-05,12.704918032786885
2024-03-06,14.959016393442624
2024-03-07,19.4672131147541
2024-03-08,14.139344262295081
2024-03-11,11.475409836065573
2024-03-12,13.934426229508196
2024-03-13,16.188524590163933
2024-03-14,10.450819672131146
2024-03-15,9.83606557377049
2024-03-18,10.245901639344261
2024-03-19,14.754098360655737
2024-03-20,19.87704918032787
2024-03-21,22.95081967213115
2024-03-22,13.31967213114754
2024-03-25,12.295081967213115
2024-03-26,10.450819672131146
2024-03-27,20.69672131147541
2024-03-28,21.51639344262295
2024-04-01,13.934426229508196
2024-04-02,9.83606557377049
2024-04-03,10.450819672131146
2024-04-04,5.532786885245901
2024-04-05,9.016393442622949
2024-04-08,7.377049180327869
2024-04-09,6.557377049180328
2024-04-10,0.819672131147541
2024-04-11,1.8442622950819674
2024-04-12,-4.713114754098361
2024-04-15,-7.581967213114755
2024-04-16,-10.429447852760736
2024-04-17,-10.612244897959185
2024-04-18,-10.816326530612246
2024-04-19,-8.571428571428571
2024-04-22,-4.4897959183673475
2024-04-23,-1.4285714285714284
2024-04-24,-2.448979591836735
2024-04-25,-2.4489795918367347
2024-04-26,-2.2448979591836737
2024-04-29,-0.20408163265306056
2024-04-30,-6.938775510204082
2024-05-01,-6.938775510204083
2024-05-02,-4.693877551020408
2024-05-03,-1.2244897959183678
2024-05-06,2.2448979591836733
2024-05-07,4.8979591836734695
2024-05-08,5.5102040816326525
2024-05-09,11.428571428571429
2024-05-10,11.63265306122449
2024-05-13,8.16326530612245
2024-05-14,10.204081632653061
2024-05-15,14.89795918367347
2024-05-16,13.877551020408166
2024-05-17,14.693877551020408
2024-05-20,12.448979591836734
2024-05-21,13.061224489795919
2024-05-22,6.530612244897959
2024-05-23,-1.4285714285714288
2024-05-24,1.8367346938775508
2024-05-28,-0.8163265306122449
2024-05-29,-5.714285714285715
2024-05-30,-3.061224489795918
2024-05-31,2.040816326530612
2024-06-03,0.8163265306122449
2024-06-04,0.0
2024-06-05,1.632653061224489
2024-06-06,1.4285714285714284
2024-06-07,1.2244897959183674
2024-06-10,0.6122448979591835
2024-06-11,0.2040816326530619
2024-06-12,1.2244897959183674
2024-06-13,0.0
2024-06-14,-2.0408163265306123
2024-06-17,4.081632653061224
2024-06-18,4.2857142857142865
2024-06-20,3.8775510204081627
2024-06-21,2.6530612244897958
2024-06-24,3.8775510204081636
2024-06-25,1.6326530612244894
2024-06-26,0.6122448979591835
2024-06-27,2.4489795918367347
2024-06-28,1.6326530612244898
2024-07-01,-0.6122448979591835
2024-07-02,0.8163265306122445
2024-07-03,1.6326530612244898
2024-07-05,2.2448979591836733
2024-07-08,1.8367346938775508
2024-07-09,1.020408163265306
2024-07-10,3.6734693877551017
2024-07-11,5.7142857142857135
2024-07-12,9.387755102040817
2024-07-15,12.040816326530612
2024-07-16,28.16326530612245
2024-07-17,21.836734693877553
2024-07-18,13.061224489795917
2024-07-19,6.938775510204081
2024-07-22,10.408163265306122
2024-07-23,8.36734693877551
2024-07-24,2.8571428571428568
2024-07-25,4.285714285714286
2024-07-26,12.653061224489797
2024-07-29,12.244897959183673
2024-07-30,17.959183673469386
2024-07-31,14.489795918367346
2024-08-01,11.63265306122449
2024-08-02,5.918367346938775
2024-08-05,-10.816326530612246
2024-08-06,-6.326530612244898
2024-08-07,-7.755102040816325
2024-08-08,1.0204081632653064
2024-08-09,1.2244897959183678
2024-08-12,1.8367346938775508
2024-08-13,4.285714285714286
2024-08-14,5.1020408163265305
2024-08-15,5.3061224489795915
2024-08-16,6.530612244897959
2024-08-19,8.571428571428571
2024-08-20,8.16326530612245
2024-08-21,11.428571428571429
2024-08-22,11.020408163265307
2024-08-23,13.673469387755102
2024-08-26,14.081632653061224
2024-08-27,14.48979591836735
2024-08-28,11.83673469387755
2024-08-29,13.673469387755102
2024-08-30,18.979591836734695
2024-09-03,17.551020408163268
2024-09-04,18.16326530612245
2024-09-05,10.816326530612244
2024-09-06,4.6938775510204085
2024-09-09,8.979591836734695
2024-09-10,10.816326530612244
2024-09-11,5.3061224489795915
2024-09-12,7.551020408163266
2024-09-13,12.040816326530612
2024-09-16,15.714285714285715
2024-09-17,13.061224489795919
2024-09-18,8.979591836734695
2024-09-19,14.89795918367347
2024-09-20,12.040816326530612
2024-09-23,14.48979591836735
2024-09-24,15.714285714285715
2024-09-25,9.387755102040817
2024-09-26,11.836734693877549
2024-09-27,12.244897959183673
2024-09-30,12.448979591836734
2024-10-01,10.0
2024-10-02,8.571428571428573
2024-10-03,5.9183673469387745
2024-10-04,8.979591836734693
2024-10-07,4.8979591836734695
2024-10-08,7.551020408163266
2024-10-09,10.816326530612244
2024-10-10,6.530612244897958
2024-10-11,11.63265306122449
2024-10-14,14.69387755102041
2024-10-15,9.591836734693878
2024-10-16,13.26530612244898
2024-10-17,14.081632653061227
2024-10-18,14.285714285714285
2024-10-21,8.775510204081632
2024-10-22,5.918367346938775
2024-10-23,3.26530612244898
2024-10-24,2.653061224489795
2024-10-25,-0.204081632653061
2024-10-28,1.4285714285714288
2024-10-29,1.4285714285714288
2024-10-30,0.612244897959183
2024-10-31,-4.0816326530612255
2024-11-01,-5.3061224489795915
2024-11-04,-3.673469387755102
2024-11-05,2.6530612244897958
2024-11-06,15.714285714285714
2024-11-07,14.285714285714286
2024-11-08,17.551020408163264
2024-11-11,21.224489795918366
2024-11-12,17.551020408163264
2024-11-13,15.918367346938776
2024-11-14,6.530612244897959
2024-11-15,0.0
2024-11-18,2.8571428571428568
2024-11-19,-0.204081632653061
2024-11-20,3.46938775510204
2024-11-21,11.224489795918368
2024-11-22,14.693877551020408
2024-11-25,16.93877551020408
2024-11-26,16.122448979591837
2024-11-27,14.693877551020408
2024-11-29,14.48979591836735
2024-12-02,7.346938775510203
2024-12-03,5.918367346938775
2024-12-04,6.938775510204081
2024-12-05,5.918367346938775
2024-12-06,6.73469387755102
2024-12-09,2.448979591836735
2024-12-10,1.8367346938775508
2024-12-11,0.8163265306122454
2024-12-12,-1.4285714285714284
2024-12-13,-3.469387755102041
2024-12-16,-4.285714285714285
2024-12-17,-7.755102040816327
2024-12-18,-25.714285714285715
2024-12-19,-30.0
2024-12-20,-13.46938775510204
2024-12-23,-11.428571428571427
2024-12-24,-5.7142857142857135
2024-12-26,-5.7142857142857135
2024-12-27,-8.775510204081632
2024-12-30,-13.46938775510204
2024-12-31,-8.571428571428571
2025-01-02,-10.408163265306122
2025-01-03,-6.326530612244898
2025-01-06,-7.551020408163265
2025-01-07,-8.979591836734695
2025-01-08,-4.489795918367347
2025-01-10,-14.285714285714288
2025-01-13,-5.1020408163265305
2025-01-14,-1.6326530612244896
2025-01-15,-0.40816326530612246
2025-01-16,2.2448979591836733
2025-01-17,2.6530612244897953
2025-01-21,8.979591836734693
2025-01-22,6.326530612244898
2025-01-23,7.959183673469388
2025-01-24,8.16326530612245
2025-01-27,7.346938775510203
2025-01-28,6.326530612244897
2025-01-29,4.8979591836734695
2025-01-30,8.571428571428571
2025-01-31,4.6938775510204085
2025-02-03,3.6734693877551017
2025-02-04,5.3061224489795915
2025-02-05,6.326530612244898
2025-02-06,6.122448979591837
2025-02-07,3.6734693877551026
2025-02-10,4.081632653061225
2025-02-11,2.653061224489796
2025-02-12,3.6734693877551017
2025-02-13,7.346938775510205
2025-02-14,5.918367346938775
2025-02-18,8.16326530612245
2025-02-19,9.591836734693878
2025-02-20,7.142857142857144
2025-02-21,-0.408163265306122
2025-02-24,1.428571428571427
2025-02-25,4.081632653061225
2025-02-26,1.428571428571428
2025-02-27,-1.8367346938775508
2025-02-28,5.306122448979591
2025-03-03,2.4489795918367356
2025-03-04,-10.204081632653061
2025-03-05,-3.26530612244898
2025-03-06,-8.775510204081634
2025-03-07,-5.306122448979592
2025-03-10,-13.265306122448981
2025-03-11,-17.551020408163264
2025-03-12,-15.10204081632653
2025-03-13,-22.653061224489797
2025-03-14,-5.7142857142857135
2025-03-17,-0.4081632653061227
2025-03-18,-2.8571428571428577
2025-03-19,-1.0204081632653064
2025-03-20,-0.40816326530612246
2025-03-21,-0.6122448979591837
2025-03-24,-0.20408163265306123
2025-03-25,0.20408163265306123
2025-03-26,0.6122448979591837
2025-03-27,1.2244897959183676
2025-03-28,-1.2244897959183672
2025-03-31,0.408163265306122
2025-04-01,0.40816326530612246
2025-04-02,2.2448979591836733
2025-04-03,-15.714285714285715
2025-04-04,-45.30612244897959
2025-04-07,-45.714285714285715
2025-04-08,-55.10204081632652
2025-04-09,-0.40816326530612246
2025-04-10,-3.8775510204081636
2025-04-11,-1.4285714285714288
2025-04-14,0.0
2025-04-15,-0.40816326530612246
2025-04-16,-1.0204081632653061
2025-04-17,-0.6122448979591837
2025-04-21,-1.4285714285714286
2025-04-22,-0.20408163265306123
2025-04-23,-0.40816326530612246
2025-04-24,0.0
2025-04-25,0.0
2025-04-28,0.20408163265306123
2025-04-29,0.8163265306122449
2025-04-30,1.2244897959183674
2025-05-01,0.8163265306122449
2025-05-02,2.4489795918367347
2025-05-05,2.6530612244897958
2025-05-06,2.6530612244897958
2025-05-07,3.8775510204081636
2025-05-08,3.6734693877551026
2025-05-09,4.081632653061225
2025-05-12,13.877551020408163
2025-05-13,18.16326530612245
2025-05-14,15.10204081632653
2025-05-15,15.918367346938776
2025-05-16,21.42857142857143
2025-05-19,17.755102040816325
2025-05-20,14.285714285714285
2025-05-21,4.4897959183673475
2025-05-22,4.081632653061224
2025-05-23,3.2653061224489797
2025-05-27,6.122448979591836
2025-05-28,4.2857142857142865
2025-05-29,3.4693877551020407
2025-05-30,3.6734693877551017
2025-06-02,5.3061224489795915
2025-06-03,6.938775510204083
2025-06-04,5.7142857142857135
2025-06-05,5.918367346938775
2025-06-06,7.346938775510203
2025-06-09,6.53061224489796
2025-06-10,5.3061224489795915
2025-06-11,3.8775510204081636
2025-06-12,3.6734693877551026
2025-06-13,1.4285714285714293
2025-06-16,3.265306122448979
2025-06-17,1.8367346938775513
2025-06-18,0.204081632653061
2025-06-20,0.6122448979591835
2025-06-23,2.2448979591836733
2025-06-24,5.3061224489795915
2025-06-25,3.0612244897959187
2025-06-26,6.122448979591837
2025-06-27,9.183673469387754
2025-06-30,12.448979591836736
2025-07-01,12.857142857142856
2025-07-02,15.918367346938776
2025-07-03,19.183673469387756
2025-07-07,12.448979591836734
2025-07-08,9.591836734693878
2025-07-09,10.612244897959185
2025-07-10,17.346938775510207
2025-07-11,8.979591836734693
2025-07-14,10.0
2025-07-15,4.081632653061225
2025-07-16,4.489795918367347
2025-07-17,7.142857142857142
2025-07-18,6.938775510204081
2025-07-21,5.9183673469387745
2025-07-22,8.775510204081634
2025-07-23,12.244897959183673
2025-07-24,10.408163265306122
2025-07-25,12.857142857142858
2025-07-28,11.020408163265307
2025-07-29,8.571428571428573
2025-07-30,6.530612244897958
2025-07-31,3.0612244897959178
2025-08-01,-4.489795918367347
2025-08-04,1.8367346938775508
2025-08-05,0.612244897959183
2025-08-06,1.2244897959183678
2025-08-07,-1.4285714285714288
2025-08-08,-1.632653061224489
2025-08-11,-3.4693877551020407
2025-08-12,3.0612244897959178
2025-08-13,8.571428571428571
2025-08-14,4.693877551020408
2025-08-15,3.877551020408163
2025-08-18,3.6734693877551026
2025-08-19,4.8979591836734695
2025-08-20,3.6734693877551017
2025-08-21,3.26530612244898
2025-08-22,5.3061224489795915
2025-08-25,4.081632653061225
2025-08-26,3.2653061224489797
2025-08-27,5.3061224489795915
2025-08-28,6.938775510204081
2025-08-29,6.326530612244897
2025-09-02,5.1020408163265305
2025-09-03,2.2448979591836733
2025-09-04,5.1020408163265305
2025-09-05,5.1020408163265305
2025-09-08,4.285714285714285
2025-09-09,2.2448979591836737
2025-09-10,1.2244897959183674
2025-09-11,5.5102040816326525
2025-09-12,2.6530612244897958
2025-09-15,2.6530612244897953
2025-09-16,0.8163265306122449
2025-09-17,2.6530612244897958
2025-09-18,5.7142857142857135
2025-09-19,4.8979591836734695
2025-09-22,4.693877551020408
2025-09-23,5.3061224489795915
2025-09-24,3.6734693877551017
2025-09-25,-0.2040816326530619
2025-09-26,3.877551020408163
2025-09-29,5.5102040816326525
2025-09-30,7.551020408163264
2025-10-01,5.918367346938776
2025-10-02,6.53061224489796
2025-10-03,8.979591836734693
2025-10-06,9.795918367346939
2025-10-07,5.1020408163265305
2025-10-08,6.530612244897959
2025-10-09,0.204081632653061
2025-10-10,-9.183673469387756
2025-10-13,-3.0612244897959178
2025-10-14,1.6326530612244896
2025-10-15,2.2448979591836737
2025-10-16,-2.6530612244897958
2025-10-17,0.6122448979591837
2025-10-20,2.2448979591836733
2025-10-21,2.6530612244897958
2025-10-22,2.857142857142857
2025-10-23,2.8571428571428577
2025-10-24,3.8775510204081627
2025-10-27,4.081632653061225
2025-10-28,2.040816326530612
2025-10-29,-4.2857142857142865
2025-10-30,-5.3061224489795915
2025-10-31,-5.3061224489795915
2025-11-03,-6.734693877551021
2025-11-04,-6.122448979591837
2025-11-05,-4.0816326530612255
2025-11-06,-6.326530612244899
2025-11-07,-1.8367346938775508
2025-11-10,0.204081632653061
2025-11-11,3.0612244897959178
2025-11-12,2.6530612244897958
2025-11-13,-0.8163265306122449
2025-11-14,-1.632653061224489
2025-11-17,-7.959183673469387
2025-11-18,-8.36734693877551
2025-11-19,-8.36734693877551
2025-11-20,-12.040816326530612
2025-11-21,-1.224489795918367
2025-11-24,-0.40816326530612246
2025-11-25,4.89795918367347
2025-11-26,5.5102040816326525
2025-11-28,5.5102040816326525
2025-12-01,3.2653061224489797
2025-12-02,2.2448979591836733
2025-12-03,7.346938775510203
2025-12-04,5.3061224489795915
2025-12-05,7.346938775510203
2025-12-08,3.673469387755102
2025-12-09,4.489795918367347
2025-12-10,11.020408163265307
2025-12-11,12.244897959183675
2025-12-12,7.551020408163264
2025-12-15,8.571428571428571
2025-12-16,5.1020408163265305
2025-12-17,4.4897959183673475
2025-12-18,5.918367346938775
2025-12-19,5.918367346938776
2025-12-22,8.571428571428571
2025-12-23,6.326530612244897
2025-12-24,7.551020408163265
2025-12-26,7.142857142857142
2025-12-29,4.285714285714286
2025-12-30,1.836734693877551
2025-12-31,-0.40816326530612246
2026-01-02,-0.4081632653061227
2026-01-05,5.1020408163265305
2026-01-06,13.877551020408163
2026-01-07,3.673469387755102
2026-01-08,9.387755102040815
2026-01-09,7.959183673469387
2026-01-12,9.183673469387754
2026-01-13,7.346938775510205
2026-01-14,11.224489795918366
2026-01-15,13.46938775510204
2026-01-16,10.0
2026-01-20,-0.4081632653061229
2026-01-21,8.163265306122447
2026-01-22,8.16326530612245
2026-01-23,5.918367346938775
2026-01-26,5.3061224489795915
2026-01-27,6.73469387755102
2026-01-28,4.489795918367347
2026-01-29,2.4489795918367347
2026-01-30,-0.4081632653061229
2026-02-02,1.6326530612244898
2026-02-03,3.0612244897959204
2026-02-04,7.142857142857142
2026-02-05,2.6530612244897966
2026-02-06,11.632653061224488
2026-02-09,9.591836734693878
2026-02-10,11.83673469387755
2026-02-11,14.897959183673468
2026-02-12,6.530612244897961
2026-02-13,12.857142857142858
2026-02-17,7.959183673469387
2026-02-18,6.530612244897958
2026-02-19,5.1020408163265305
2026-02-20,7.142857142857142
2026-02-23,5.918367346938775
2026-02-24,10.612244897959183
2026-02-25,7.142857142857142
2026-02-26,9.183673469387756
2026-02-27,13.673469387755103
2026-03-02,11.83673469387755
2026-03-03,7.551020408163265
2026-03-04,7.551020408163264
2026-03-05,2.6530612244897958
2026-03-06,0.6122448979591835
2026-03-09,-1.4285714285714284
2026-03-10,-3.8775510204081636
2026-03-11,-5.9183673469387745
2026-03-12,-14.489795918367347
2026-03-13,-12.653061224489798
2026-03-16,-6.122448979591837
2026-03-17,-2.0408163265306123
2026-03-18,-6.938775510204082
2026-03-19,-7.346938775510205
2026-03-20,-12.448979591836734
2026-03-23,-2.857142857142857
2026-03-24,-5.1020408163265305
2026-03-25,-2.2448979591836737
2026-03-26,-3.673469387755102
2026-03-27,-7.959183673469388
2026-03-30,-7.346938775510204
2026-03-31,-0.8163265306122447
2026-04-01,-2.6530612244897958
2026-04-02,-1.2244897959183672
2026-04-06,0.0
2026-04-07,-1.0204081632653061
2026-04-08,0.40816326530612246
2026-04-09,0.8163265306122449
2026-04-10,-2.0408163265306127
2026-04-13,1.4285714285714284
2026-04-14,3.8775510204081627
2026-04-15,3.0612244897959178
2026-04-16,5.1020408163265305
2026-04-17,10.0
2026-04-20,12.653061224489795
2026-04-21,7.755102040816327
2026-04-22,7.551020408163266
2026-04-23,7.755102040816327
2026-04-24,6.938775510204082
2026-04-27,6.122448979591836
2026-04-28,2.6530612244897958
2026-04-29,2.2448979591836733
2026-04-30,6.122448979591836
2026-05-01,3.6734693877551017
2026-05-04,1.8367346938775508
2026-05-05,2.4489795918367347
2026-05-06,4.4897959183673475
2026-05-07,2.8571428571428568
2026-05-08,3.6734693877551026
2026-05-11,2.2448979591836737
2026-05-12,1.4285714285714288
2026-05-13,0.6122448979591821
2026-05-14,2.6530612244897958
2026-05-15,-0.8163265306122449
2026-05-18,3.061224489795918
2026-05-19,0.4081632653061229
2026-05-20,3.0612244897959187
2026-05-21,2.448979591836735
2026-05-22,4.489795918367347
2026-05-26,6.530612244897959
2026-05-27,5.5102040816326525
2026-05-28,5.7142857142857135
2026-05-29,5.5102040816326525
2026-06-01,5.510204081632654
2026-06-02,4.0816326530612255
2026-06-03,2.4489795918367343
2026-06-04,3.877551020408163
2026-06-05,2.2448979591836733
2026-06-08,1.2244897959183674
2026-06-09,3.4693877551020407
2026-06-10,1.020408163265306
2026-06-11,2.857142857142857
2026-06-12,6.122448979591837
2026-06-15,3.8775510204081636
2026-06-16,3.4693877551020407
2026-06-17,0.6122448979591835
2026-06-18,-2.448979591836735
2026-06-22,-2.2448979591836733
2026-06-23,-1.8367346938775513
2026-06-24,-0.6122448979591839
2026-06-25,2.8571428571428568
2026-06-26,6.938775510204081
2026-06-29,6.122448979591837
2026-06-30,3.8775510204081645
2026-07-01,7.346938775510203
2026-07-02,12.857142857142856
2026-07-06,9.387755102040817
2026-07-07,9.387755102040817
2026-07-08,2.040816326530612
2026-07-09,2.6530612244897958
2026-07-10,2.6530612244897958
2026-07-13,3.673469387755102
2026-07-14,2.4489795918367347
2026-07-15,2.040816326530612
2026-07-16,5.9183673469387745
2026-07-17,3.6734693877551026
2026-07-20,1.4285714285714284
2026-07-21,2.4489795918367347
2026-07-22,1.836734693877551
2026-07-23,2.040816326530612
2026-07-24,3.061224489795918
2026-07-27,3.4693877551020407
2026-07-28,9.183673469387754
2026-07-29,7.346938775510205
2026-07-30,2.8571428571428577
2026-07-31,1.4285714285714286
2026-08-03,2.8571428571428577
2026-08-04,5.9183673469387745
2026-08-05,4.2857142857142865
2026-08-06,4.081632653061225
2026-08-07,6.53061224489796
2026-08-10,7.142857142857142
2026-08-11,6.73469387755102
2026-08-12,7.551020408163264
2026-08-13,8.16326530612245
2026-08-14,5.9183673469387745
2026-08-17,2.8571428571428568
2026-08-18,3.6734693877551017
2026-08-19,6.73469387755102
2026-08-20,4.4897959183673475
2026-08-21,5.5102040816326525
2026-08-24,6.530612244897959
2026-08-25,6.122448979591836
2026-08-26,5.1020408163265305
2026-08-27,3.6734693877551017
2026-08-28,2.8571428571428568
2026-08-31,-0.40816326530612246
2026-09-01,-1.8367346938775508
2026-09-02,-0.20408163265306145
2026-09-03,0.6122448979591839
2026-09-04,-0.20408163265306123
2026-09-08,-2.040816326530612
2026-09-09,-4.8979591836734695
2026-09-10,-6.938775510204081
2026-09-11,-3.6734693877551026
2026-09-14,-3.8775510204081636
2026-09-15,-5.1020408163265305
2026-09-16,-8.16326530612245
2026-09-17,-6.326530612244898
2026-09-18,-8.775510204081634
2026-09-21,-8.367346938775512
2026-09-22,-8.36734693877551
2026-09-23,-12.653061224489795
2026-09-24,-16.3265306122449
2026-09-25,-11.83673469387755
2026-09-28,-15.10204081632653
2026-09-29,-10.816326530612244
2026-09-30,-15.306122448979593
2026-10-01,-12.040816326530612
2026-10-02,-10.612244897959183
2026-10-05,-7.142857142857143
