date,breadth_count,breadth_percent
2019-01-02,0.0,0.0
2019-01-03,0.0,0.0
2019-01-04,0.0,0.0
2019-01-07,0.0,0.0
2019-01-08,0.0,0.0
2019-01-09,0.0,0.0
2019-01-10,0.0,0.0
2019-01-11,0.0,0.0
2019-01-14,0.0,0.0
2019-01-15,0.0,0.0
2019-01-16,0.0,0.0
2019-01-17,0.0,0.0
2019-01-18,0.0,0.0
2019-01-22,0.0,0.0
2019-01-23,0.0,0.0
2019-01-24,0.0,0.0
2019-01-25,0.0,0.0
2019-01-28,0.0,0.0
2019-01-29,0.0,0.0
2019-01-30,0.0,0.0
2019-01-31,0.0,0.0
2019-02-01,0.0,0.0
2019-02-04,0.0,0.0
2019-02-05,0.0,0.0
2019-02-06,0.0,0.0
2019-02-07,0.0,0.0
2019-02-08,0.0,0.0
2019-02-11,0.0,0.0
2019-02-12,0.0,0.0
2019-02-13,0.0,0.0
2019-02-14,0.0,0.0
2019-02-15,0.0,0.0
2019-02-19,0.0,0.0
2019-02-20,0.0,0.0
2019-02-21,0.0,0.0
2019-02-22,0.0,0.0
2019-02-25,0.0,0.0
2019-02-26,0.0,0.0
2019-02-27,0.0,0.0
2019-02-28,0.0,0.0
2019-03-01,0.0,0.0
2019-03-04,0.0,0.0
2019-03-05,0.0,0.0
2019-03-06,0.0,0.0
2019-03-07,0.0,0.0
2019-03-08,0.0,0.0
2019-03-11,0.0,0.0
2019-03-12,0.0,0.0
2019-03-13,0.0,0.0
2019-03-14,0.0,0.0
2019-03-15,0.0,0.0
2019-03-18,0.0,0.0
2019-03-19,0.0,0.0
2019-03-20,0.0,0.0
2019-03-21,0.0,0.0
2019-03-22,0.0,0.0
2019-03-25,0.0,0.0
2019-03-26,0.0,0.0
2019-03-27,0.0,0.0
2019-03-28,0.0,0.0
2019-03-29,0.0,0.0
2019-04-01,0.0,0.0
2019-04-02,0.0,0.0
2019-04-03,0.0,0.0
2019-04-04,0.0,0.0
2019-04-05,0.0,0.0
2019-04-08,0.0,0.0
2019-04-09,0.0,0.0
2019-04-10,0.0,0.0
2019-04-11,0.0,0.0
2019-04-12,0.0,0.0
2019-04-15,0.0,0.0
2019-04-16,0.0,0.0
2019-04-17,0.0,0.0
2019-04-18,0.0,0.0
2019-04-22,0.0,0.0
2019-04-23,0.0,0.0
2019-04-24,0.0,0.0
2019-04-25,0.0,0.0
2019-04-26,0.0,0.0
2019-04-29,0.0,0.0
2019-04-30,0.0,0.0
2019-05-01,0.0,0.0
2019-05-02,0.0,0.0
2019-05-03,0.0,0.0
2019-05-06,0.0,0.0
2019-05-07,0.0,0.0
2019-05-08,0.0,0.0
2019-05-09,0.0,0.0
2019-05-10,0.0,0.0
2019-05-13,0.0,0.0
2019-05-14,0.0,0.0
2019-05-15,0.0,0.0
2019-05-16,0.0,0.0
2019-05-17,0.0,0.0
2019-05-20,0.0,0.0
2019-05-21,0.0,0.0
2019-05-22,0.0,0.0
2019-05-23,0.0,0.0
2019-05-24,0.0,0.0
2019-05-28,0.0,0.0
2019-05-29,0.0,0.0
2019-05-30,0.0,0.0
2019-05-31,0.0,0.0
2019-06-03,0.0,0.0
2019-06-04,0.0,0.0
2019-06-05,0.0,0.0
2019-06-06,0.0,0.0
2019-06-07,0.0,0.0
2019-06-10,0.0,0.0
2019-06-11,0.0,0.0
2019-06-12,0.0,0.0
2019-06-13,0.0,0.0
2019-06-14,0.0,0.0
2019-06-17,0.0,0.0
2019-06-18,0.0,0.0
2019-06-19,0.0,0.0
2019-06-20,0.0,0.0
2019-06-21,0.0,0.0
2019-06-24,0.0,0.0
2019-06-25,0.0,0.0
2019-06-26,0.0,0.0
2019-06-27,0.0,0.0
2019-06-28,0.0,0.0
2019-07-01,0.0,0.0
2019-07-02,0.0,0.0
2019-07-03,0.0,0.0
2019-07-05,0.0,0.0
2019-07-08,0.0,0.0
2019-07-09,0.0,0.0
2019-07-10,0.0,0.0
2019-07-11,0.0,0.0
2019-07-12,0.0,0.0
2019-07-15,0.0,0.0
2019-07-16,0.0,0.0
2019-07-17,0.0,0.0
2019-07-18,0.0,0.0
2019-07-19,0.0,0.0
2019-07-22,0.0,0.0
2019-07-23,0.0,0.0
2019-07-24,0.0,0.0
2019-07-25,0.0,0.0
2019-07-26,0.0,0.0
2019-07-29,0.0,0.0
2019-07-30,0.0,0.0
2019-07-31,0.0,0.0
2019-08-01,0.0,0.0
2019-08-02,0.0,0.0
2019-08-05,0.0,0.0
2019-08-06,0.0,0.0
2019-08-07,0.0,0.0
2019-08-08,0.0,0.0
2019-08-09,0.0,0.0
2019-08-12,0.0,0.0
2019-08-13,0.0,0.0
2019-08-14,0.0,0.0
2019-08-15,0.0,0.0
2019-08-16,0.0,0.0
2019-08-19,0.0,0.0
2019-08-20,0.0,0.0
2019-08-21,0.0,0.0
2019-08-22,0.0,0.0
2019-08-23,0.0,0.0
2019-08-26,0.0,0.0
2019-08-27,0.0,0.0
2019-08-28,0.0,0.0
2019-08-29,0.0,0.0
2019-08-30,0.0,0.0
2019-09-03,0.0,0.0
2019-09-04,0.0,0.0
2019-09-05,0.0,0.0
2019-09-06,0.0,0.0
2019-09-09,0.0,0.0
2019-09-10,0.0,0.0
2019-09-11,0.0,0.0
2019-09-12,0.0,0.0
2019-09-13,0.0,0.0
2019-09-16,0.0,0.0
2019-09-17,0.0,0.0
2019-09-18,0.0,0.0
2019-09-19,0.0,0.0
2019-09-20,0.0,0.0
2019-09-23,0.0,0.0
2019-09-24,0.0,0.0
2019-09-25,0.0,0.0
2019-09-26,0.0,0.0
2019-09-27,0.0,0.0
2019-09-30,0.0,0.0
2019-10-01,0.0,0.0
2019-10-02,0.0,0.0
2019-10-03,0.0,0.0
2019-10-04,0.0,0.0
2019-10-07,0.0,0.0
2019-10-08,0.0,0.0
2019-10-09,0.0,0.0
2019-10-10,0.0,0.0
2019-10-11,0.0,0.0
2019-10-14,0.0,0.0
2019-10-15,0.0,0.0
2019-10-16,89.0,17.693836978131213
2019-10-17,102.0,20.278330019880716
2019-10-18,112.0,22.266401590457257
2019-10-21,124.0,24.652087475149106
2019-10-22,140.0,27.833001988071572
2019-10-23,141.0,28.031809145129227
2019-10-24,141.0,28.031809145129227
2019-10-25,142.0,28.230616302186878
2019-10-28,140.0,27.833001988071572
2019-10-29,144.0,28.628230616302186
2019-10-30,152.0,30.218687872763418
2019-10-31,157.0,31.21272365805169
2019-11-01,155.0,30.81510934393638
2019-11-04,152.0,30.218687872763418
2019-11-05,153.0,30.417495029821072
2019-11-06,153.0,30.417495029821072
2019-11-07,159.0,31.610337972166995
2019-11-08,161.0,32.007952286282304
2019-11-11,158.0,31.411530815109344
2019-11-12,160.0,31.809145129224653
2019-11-13,167.0,33.20079522862823
2019-11-14,172.0,34.1948310139165
2019-11-15,180.0,35.785288270377734
2019-11-18,184.0,36.58051689860835
2019-11-19,189.0,37.57455268389662
2019-11-20,191.0,37.97216699801193
2019-11-21,195.0,38.767395626242546
2019-11-22,197.0,39.165009940357855
2019-11-25,197.0,39.165009940357855
2019-11-26,195.0,38.767395626242546
2019-11-27,193.0,38.36978131212724
2019-11-29,193.0,38.36978131212724
2019-12-02,181.0,35.984095427435385
2019-12-03,169.0,33.59840954274354
2019-12-04,162.0,32.20675944333996
2019-12-05,162.0,32.20675944333996
2019-12-06,181.0,35.984095427435385
2019-12-09,188.0,37.37574552683897
2019-12-10,185.0,36.779324055666
2019-12-11,175.0,34.791252485089466
2019-12-12,171.0,33.99602385685885
2019-12-13,169.0,33.59840954274354
2019-12-16,181.0,35.984095427435385
2019-12-17,196.0,38.9662027833002
2019-12-18,209.0,41.5506958250497
2019-12-19,212.0,42.14711729622266
2019-12-20,217.0,43.141153081510936
2019-12-23,221.0,43.93638170974155
2019-12-24,231.0,45.92445328031809
2019-12-26,237.0,47.11729622266402
2019-12-27,241.0,47.912524850894634
2019-12-30,248.0,49.30417495029821
2019-12-31,251.0,49.90059642147117
2020-01-02,259.0,51.491053677932406
2020-01-03,254.0,50.49701789264414
2020-01-06,257.0,51.0934393638171
2020-01-07,248.0,49.30417495029821
2020-01-08,243.0,48.31013916500994
2020-01-09,237.0,47.11729622266402
2020-01-10,231.0,45.92445328031809
2020-01-13,219.0,43.538767395626245
2020-01-14,215.0,42.74353876739563
2020-01-15,214.0,42.54473161033797
2020-01-16,214.0,42.54473161033797
2020-01-17,223.0,44.333996023856855
2020-01-21,231.0,45.92445328031809
2020-01-22,244.0,48.508946322067594
2020-01-23,248.0,49.30417495029821
2020-01-24,247.0,49.10536779324055
2020-01-27,236.0,46.91848906560636
2020-01-28,239.0,47.514910536779325
2020-01-29,240.0,47.713717693836976
2020-01-30,243.0,48.31013916500994
2020-01-31,227.0,45.12922465208747
2020-02-03,204.0,40.55666003976143
2020-02-04,198.0,39.363817097415506
2020-02-05,190.0,37.77335984095427
2020-02-06,187.0,37.17693836978131
2020-02-07,188.0,37.37574552683897
2020-02-10,191.0,37.97216699801193
2020-02-11,198.0,39.363817097415506
2020-02-12,201.0,39.960238568588466
2020-02-13,201.0,39.960238568588466
2020-02-14,225.0,44.731610337972164
2020-02-18,240.0,47.713717693836976
2020-02-19,240.0,47.713717693836976
2020-02-20,237.0,47.11729622266402
2020-02-21,232.0,46.12326043737575
2020-02-24,214.0,42.54473161033797
2020-02-25,201.0,39.960238568588466
2020-02-26,180.0,35.785288270377734
2020-02-27,129.0,25.646123260437374
2020-02-28,79.0,15.705765407554672
2020-03-02,51.0,10.139165009940358
2020-03-03,33.0,6.560636182902585
2020-03-04,22.0,4.3737574552683895
2020-03-05,17.0,3.3797216699801194
2020-03-06,12.0,2.3856858846918487
2020-03-09,11.0,2.1868787276341948
2020-03-10,10.0,1.9880715705765408
2020-03-11,8.0,1.5904572564612325
2020-03-12,8.0,1.5904572564612325
2020-03-13,8.0,1.5904572564612325
2020-03-16,7.0,1.3916500994035785
2020-03-17,8.0,1.5904572564612325
2020-03-18,8.0,1.5904572564612325
2020-03-19,8.0,1.5904572564612325
2020-03-20,6.0,1.1928429423459244
2020-03-23,4.0,0.7952286282306162
2020-03-24,2.0,0.3976143141153081
2020-03-25,2.0,0.3976143141153081
2020-03-26,3.0,0.5964214711729622
2020-03-27,4.0,0.7952286282306162
2020-03-30,3.0,0.5964214711729622
2020-03-31,3.0,0.5964214711729622
2020-04-01,2.0,0.3976143141153081
2020-04-02,2.0,0.3976143141153081
2020-04-03,4.0,0.7952286282306162
2020-04-06,5.0,0.9940357852882704
2020-04-07,5.0,0.9940357852882704
2020-04-08,6.0,1.1928429423459244
2020-04-09,8.0,1.5904572564612325
2020-04-13,10.0,1.9880715705765408
2020-04-14,12.0,2.3856858846918487
2020-04-15,13.0,2.584493041749503
2020-04-16,17.0,3.3797216699801194
2020-04-17,20.0,3.9761431411530817
2020-04-20,24.0,4.7713717693836974
2020-04-21,29.0,5.7654075546719685
2020-04-22,32.0,6.36182902584493
2020-04-23,41.0,8.151093439363818
2020-04-24,47.0,9.343936381709742
2020-04-27,48.0,9.542743538767395
2020-04-28,53.0,10.536779324055665
2020-04-29,56.0,11.133200795228628
2020-04-30,57.0,11.332007952286283
2020-05-01,56.0,11.133200795228628
2020-05-04,53.0,10.536779324055665
2020-05-05,54.0,10.73558648111332
2020-05-06,50.0,9.940357852882704
2020-05-07,49.0,9.74155069582505
2020-05-08,49.0,9.74155069582505
2020-05-11,46.0,9.145129224652088
2020-05-12,46.0,9.145129224652088
2020-05-13,43.0,8.548707753479125
2020-05-14,41.0,8.151093439363818
2020-05-15,45.0,8.946322067594433
2020-05-18,47.0,9.343936381709742
2020-05-19,49.0,9.74155069582505
2020-05-20,48.0,9.542743538767395
2020-05-21,48.0,9.542743538767395
2020-05-22,52.0,10.337972166998012
2020-05-26,51.0,10.139165009940358
2020-05-27,55.0,10.934393638170974
2020-05-28,61.0,12.127236580516898
2020-05-29,66.0,13.12127236580517
2020-06-01,65.0,12.922465208747516
2020-06-02,73.0,14.512922465208748
2020-06-03,75.0,14.910536779324055
2020-06-04,76.0,15.109343936381709
2020-06-05,77.0,15.308151093439365
2020-06-08,88.0,17.495029821073558
2020-06-09,98.0,19.4831013916501
2020-06-10,103.0,20.47713717693837
2020-06-11,101.0,20.07952286282306
2020-06-12,102.0,20.278330019880716
2020-06-15,100.0,19.880715705765407
2020-06-16,102.0,20.278330019880716
2020-06-17,102.0,20.278330019880716
2020-06-18,104.0,20.675944333996025
2020-06-19,94.0,18.687872763419485
2020-06-22,81.0,16.10337972166998
2020-06-23,78.0,15.50695825049702
2020-06-24,66.0,13.12127236580517
2020-06-25,74.0,14.7117296222664
2020-06-26,81.0,16.10337972166998
2020-06-29,80.0,15.904572564612327
2020-06-30,82.0,16.302186878727635
2020-07-01,81.0,16.10337972166998
2020-07-02,88.0,17.495029821073558
2020-07-06,94.0,18.687872763419485
2020-07-07,98.0,19.4831013916501
2020-07-08,105.0,20.87475149105368
2020-07-09,120.0,23.856858846918488
2020-07-10,136.0,27.037773359840955
2020-07-13,141.0,28.031809145129227
2020-07-14,145.0,28.82703777335984
2020-07-15,150.0,29.82107355864811
2020-07-16,157.0,31.21272365805169
2020-07-17,164.0,32.60437375745527
2020-07-20,167.0,33.20079522862823
2020-07-21,170.0,33.79721669980119
2020-07-22,170.0,33.79721669980119
2020-07-23,166.0,33.00198807157058
2020-07-24,168.0,33.39960238568588
2020-07-27,171.0,33.99602385685885
2020-07-28,170.0,33.79721669980119
2020-07-29,173.0,34.39363817097416
2020-07-30,179.0,35.586481113320076
2020-07-31,181.0,35.984095427435385
2020-08-03,178.0,35.387673956262425
2020-08-04,181.0,35.984095427435385
2020-08-05,182.0,36.18290258449304
2020-08-06,178.0,35.387673956262425
2020-08-07,178.0,35.387673956262425
2020-08-10,177.0,35.188866799204774
2020-08-11,177.0,35.188866799204774
2020-08-12,178.0,35.387673956262425
2020-08-13,183.0,36.381709741550694
2020-08-14,181.0,35.984095427435385
2020-08-17,185.0,36.779324055666
2020-08-18,182.0,36.18290258449304
2020-08-19,185.0,36.779324055666
2020-08-20,184.0,36.58051689860835
2020-08-21,182.0,36.18290258449304
2020-08-24,183.0,36.381709741550694
2020-08-25,184.0,36.58051689860835
2020-08-26,178.0,35.387673956262425
2020-08-27,182.0,36.18290258449304
2020-08-28,177.0,35.188866799204774
2020-08-31,173.0,34.39363817097416
2020-09-01,174.0,34.59244532803181
2020-09-02,180.0,35.785288270377734
2020-09-03,180.0,35.785288270377734
2020-09-04,179.0,35.586481113320076
2020-09-08,160.0,31.809145129224653
2020-09-09,165.0,32.80318091451292
2020-09-10,140.0,27.833001988071572
2020-09-11,135.0,26.838966202783297
2020-09-14,123.0,24.45328031809145
2020-09-15,121.0,24.055666003976143
2020-09-16,110.0,21.868787276341948
2020-09-17,93.0,18.48906560636183
2020-09-18,92.0,18.290258449304176
2020-09-21,92.0,18.290258449304176
2020-09-22,97.0,19.284294234592444
2020-09-23,87.0,17.296222664015904
2020-09-24,90.0,17.892644135188867
2020-09-25,82.0,16.302186878727635
2020-09-28,78.0,15.50695825049702
2020-09-29,71.0,14.115308151093439
2020-09-30,63.0,12.524850894632205
2020-10-01,60.0,11.928429423459244
2020-10-02,66.0,13.12127236580517
2020-10-05,79.0,15.705765407554672
2020-10-06,89.0,17.693836978131213
2020-10-07,108.0,21.47117296222664
2020-10-08,126.0,25.04970178926441
2020-10-09,142.0,28.230616302186878
2020-10-12,156.0,31.01391650099404
2020-10-13,169.0,33.59840954274354
2020-10-14,175.0,34.791252485089466
2020-10-15,174.0,34.59244532803181
2020-10-16,187.0,37.17693836978131
2020-10-19,198.0,39.363817097415506
2020-10-20,207.0,41.15308151093439
2020-10-21,214.0,42.54473161033797
2020-10-22,225.0,44.731610337972164
2020-10-23,220.0,43.737574552683895
2020-10-26,215.0,42.74353876739563
2020-10-27,199.0,39.562624254473164
2020-10-28,168.0,33.39960238568588
2020-10-29,139.0,27.634194831013914
2020-10-30,109.0,21.669980119284293
2020-11-02,91.0,18.09145129224652
2020-11-03,86.0,17.09741550695825
2020-11-04,81.0,16.10337972166998
2020-11-05,81.0,16.10337972166998
2020-11-06,88.0,17.495029821073558
2020-11-09,109.0,21.669980119284293
2020-11-10,143.0,28.429423459244536
2020-11-11,185.0,36.779324055666
2020-11-12,215.0,42.74353876739563
2020-11-13,245.0,48.70775347912525
2020-11-16,260.0,51.689860834990064
2020-11-17,269.0,53.47912524850894
2020-11-18,272.0,54.07554671968191
2020-11-19,274.0,54.47316103379721
2020-11-20,273.0,54.27435387673957
2020-11-23,276.0,54.87077534791253
2020-11-24,278.0,55.26838966202783
2020-11-25,282.0,56.063618290258454
2020-11-27,288.0,57.25646123260437
2020-11-30,293.0,58.25049701789264
2020-12-01,285.0,56.66003976143141
2020-12-02,284.0,56.461232604373755
2020-12-03,277.0,55.069582504970185
2020-12-04,280.0,55.666003976143145
2020-12-07,284.0,56.461232604373755
2020-12-08,281.0,55.864811133200796
2020-12-09,274.0,54.47316103379721
2020-12-10,269.0,53.47912524850894
2020-12-11,265.0,52.683896620278325
2020-12-14,265.0,52.683896620278325
2020-12-15,260.0,51.689860834990064
2020-12-16,265.0,52.683896620278325
2020-12-17,268.0,53.28031809145129
2020-12-18,251.0,49.90059642147117
2020-12-21,240.0,47.713717693836976
2020-12-22,215.0,42.74353876739563
2020-12-23,203.0,40.357852882703774
2020-12-24,217.0,43.141153081510936
2020-12-28,219.0,43.538767395626245
2020-12-29,222.0,44.135188866799204
2020-12-30,220.0,43.737574552683895
2020-12-31,221.0,43.93638170974155
2021-01-04,217.0,43.141153081510936
2021-01-05,211.0,41.94831013916501
2021-01-06,232.0,46.12326043737575
2021-01-07,252.0,50.09940357852882
2021-01-08,271.0,53.87673956262425
2021-01-11,283.0,56.2624254473161
2021-01-12,286.0,56.85884691848907
2021-01-13,286.0,56.85884691848907
2021-01-14,281.0,55.864811133200796
2021-01-15,263.0,52.286282306163024
2021-01-19,266.0,52.88270377733598
2021-01-20,273.0,54.27435387673957
2021-01-21,277.0,55.069582504970185
2021-01-22,280.0,55.666003976143145
2021-01-25,276.0,54.87077534791253
2021-01-26,266.0,52.88270377733598
2021-01-27,245.0,48.70775347912525
2021-01-28,220.0,43.737574552683895
2021-01-29,178.0,35.387673956262425
2021-02-01,150.0,29.82107355864811
2021-02-02,134.0,26.640159045725646
2021-02-03,117.0,23.26043737574553
2021-02-04,108.0,21.47117296222664
2021-02-05,99.0,19.681908548707753
2021-02-08,113.0,22.46520874751491
2021-02-09,124.0,24.652087475149106
2021-02-10,150.0,29.82107355864811
2021-02-11,178.0,35.387673956262425
2021-02-12,223.0,44.333996023856855
2021-02-16,241.0,47.912524850894634
2021-02-17,250.0,49.70178926441352
2021-02-18,258.0,51.29224652087475
2021-02-19,255.0,50.695825049701796
2021-02-22,255.0,50.695825049701796
2021-02-23,251.0,49.90059642147117
2021-02-24,251.0,49.90059642147117
2021-02-25,247.0,49.10536779324055
2021-02-26,244.0,48.508946322067594
2021-03-01,242.0,48.111332007952285
2021-03-02,236.0,46.91848906560636
2021-03-03,222.0,44.135188866799204
2021-03-04,215.0,42.74353876739563
2021-03-05,204.0,40.55666003976143
2021-03-08,207.0,41.15308151093439
2021-03-09,204.0,40.55666003976143
2021-03-10,202.0,40.15904572564612
2021-03-11,209.0,41.5506958250497
2021-03-12,221.0,43.93638170974155
2021-03-15,229.0,45.52683896620278
2021-03-16,235.0,46.71968190854871
2021-03-17,245.0,48.70775347912525
2021-03-18,254.0,50.49701789264414
2021-03-19,259.0,51.491053677932406
2021-03-22,263.0,52.286282306163024
2021-03-23,255.0,50.695825049701796
2021-03-24,241.0,47.912524850894634
2021-03-25,229.0,45.52683896620278
2021-03-26,219.0,43.538767395626245
2021-03-29,207.0,41.15308151093439
2021-03-30,199.0,39.562624254473164
2021-03-31,191.0,37.97216699801193
2021-04-01,189.0,37.57455268389662
2021-04-05,193.0,38.36978131212724
2021-04-06,209.0,41.5506958250497
2021-04-07,235.0,46.71968190854871
2021-04-08,269.0,53.47912524850894
2021-04-09,277.0,55.069582504970185
2021-04-12,285.0,56.66003976143141
2021-04-13,295.0,58.64811133200796
2021-04-14,301.0,59.84095427435388
2021-04-15,316.0,62.82306163021869
2021-04-16,320.0,63.618290258449306
2021-04-19,332.0,66.00397614314116
2021-04-20,329.0,65.4075546719682
2021-04-21,336.0,66.79920477137176
2021-04-22,327.0,65.00994035785288
2021-04-23,311.0,61.82902584493042
2021-04-26,310.0,61.63021868787276
2021-04-27,320.0,63.618290258449306
2021-04-28,316.0,62.82306163021869
2021-04-29,315.0,62.62425447316103
2021-04-30,307.0,61.0337972166998
2021-05-03,305.0,60.63618290258449
2021-05-04,304.0,60.437375745526836
2021-05-05,298.0,59.24453280318092
2021-05-06,303.0,60.238568588469185
2021-05-07,287.0,57.057654075546715
2021-05-10,284.0,56.461232604373755
2021-05-11,285.0,56.66003976143141
2021-05-12,279.0,55.46719681908549
2021-05-13,262.0,52.087475149105366
2021-05-14,262.0,52.087475149105366
2021-05-17,257.0,51.0934393638171
2021-05-18,254.0,50.49701789264414
2021-05-19,245.0,48.70775347912525
2021-05-20,236.0,46.91848906560636
2021-05-21,219.0,43.538767395626245
2021-05-24,199.0,39.562624254473164
2021-05-25,189.0,37.57455268389662
2021-05-26,207.0,41.15308151093439
2021-05-27,210.0,41.74950298210736
2021-05-28,202.0,40.15904572564612
2021-06-01,191.0,37.97216699801193
2021-06-02,188.0,37.37574552683897
2021-06-03,200.0,39.761431411530815
2021-06-04,214.0,42.54473161033797
2021-06-07,221.0,43.93638170974155
2021-06-08,225.0,44.731610337972164
2021-06-09,234.0,46.52087475149106
2021-06-10,227.0,45.12922465208747
2021-06-11,221.0,43.93638170974155
2021-06-14,221.0,43.93638170974155
2021-06-15,221.0,43.93638170974155
2021-06-16,214.0,42.54473161033797
2021-06-17,206.0,40.95427435387674
2021-06-18,181.0,35.984095427435385
2021-06-21,166.0,33.00198807157058
2021-06-22,156.0,31.01391650099404
2021-06-23,140.0,27.833001988071572
2021-06-24,127.0,25.24850894632207
2021-06-25,119.0,23.658051689860834
2021-06-28,110.0,21.868787276341948
2021-06-29,111.0,22.067594433399602
2021-06-30,116.0,23.061630218687874
2021-07-01,121.0,24.055666003976143
2021-07-02,140.0,27.833001988071572
2021-07-06,144.0,28.628230616302186
2021-07-07,152.0,30.218687872763418
2021-07-08,158.0,31.411530815109344
2021-07-09,161.0,32.007952286282304
2021-07-12,168.0,33.39960238568588
2021-07-13,170.0,33.79721669980119
2021-07-14,172.0,34.1948310139165
2021-07-15,172.0,34.1948310139165
2021-07-16,169.0,33.59840954274354
2021-07-19,161.0,32.007952286282304
2021-07-20,165.0,32.80318091451292
2021-07-21,172.0,34.1948310139165
2021-07-22,172.0,34.1948310139165
2021-07-23,165.0,32.80318091451292
2021-07-26,165.0,32.80318091451292
2021-07-27,168.0,33.39960238568588
2021-07-28,169.0,33.59840954274354
2021-07-29,178.0,35.387673956262425
2021-07-30,192.0,38.17097415506958
2021-08-02,208.0,41.35188866799205
2021-08-03,211.0,41.94831013916501
2021-08-04,217.0,43.141153081510936
2021-08-05,222.0,44.135188866799204
2021-08-06,222.0,44.135188866799204
2021-08-09,223.0,44.333996023856855
2021-08-10,219.0,43.538767395626245
2021-08-11,220.0,43.737574552683895
2021-08-12,222.0,44.135188866799204
2021-08-13,219.0,43.538767395626245
2021-08-16,219.0,43.538767395626245
2021-08-17,225.0,44.731610337972164
2021-08-18,236.0,46.91848906560636
2021-08-19,227.0,45.12922465208747
2021-08-20,227.0,45.12922465208747
2021-08-23,236.0,46.91848906560636
2021-08-24,240.0,47.713717693836976
2021-08-25,242.0,48.111332007952285
2021-08-26,236.0,46.91848906560636
2021-08-27,229.0,45.52683896620278
2021-08-30,216.0,42.94234592445328
2021-08-31,210.0,41.74950298210736
2021-09-01,224.0,44.53280318091451
2021-09-02,230.0,45.72564612326044
2021-09-03,233.0,46.3220675944334
2021-09-07,232.0,46.12326043737575
2021-09-08,224.0,44.53280318091451
2021-09-09,205.0,40.75546719681908
2021-09-10,201.0,39.960238568588466
2021-09-13,198.0,39.363817097415506
2021-09-14,181.0,35.984095427435385
2021-09-15,174.0,34.59244532803181
2021-09-16,168.0,33.39960238568588
2021-09-17,136.0,27.037773359840955
2021-09-20,103.0,20.47713717693837
2021-09-21,87.0,17.296222664015904
2021-09-22,79.0,15.705765407554672
2021-09-23,82.0,16.302186878727635
2021-09-24,81.0,16.10337972166998
2021-09-27,76.0,15.109343936381709
2021-09-28,75.0,14.910536779324055
2021-09-29,74.0,14.7117296222664
2021-09-30,65.0,12.922465208747516
2021-10-01,69.0,13.717693836978132
2021-10-04,73.0,14.512922465208748
2021-10-05,77.0,15.308151093439365
2021-10-06,75.0,14.910536779324055
2021-10-07,75.0,14.910536779324055
2021-10-08,76.0,15.109343936381709
2021-10-11,78.0,15.50695825049702
2021-10-12,79.0,15.705765407554672
2021-10-13,86.0,17.09741550695825
2021-10-14,95.0,18.886679920477135
2021-10-15,97.0,19.284294234592444
2021-10-18,106.0,21.07355864811133
2021-10-19,118.0,23.45924453280318
2021-10-20,124.0,24.652087475149106
2021-10-21,139.0,27.634194831013914
2021-10-22,144.0,28.628230616302186
2021-10-25,152.0,30.218687872763418
2021-10-26,161.0,32.007952286282304
2021-10-27,164.0,32.60437375745527
2021-10-28,166.0,33.00198807157058
2021-10-29,173.0,34.39363817097416
2021-11-01,189.0,37.57455268389662
2021-11-02,195.0,38.767395626242546
2021-11-03,202.0,40.15904572564612
2021-11-04,208.0,41.35188866799205
2021-11-05,213.0,42.34592445328032
2021-11-08,218.0,43.33996023856859
2021-11-09,220.0,43.737574552683895
2021-11-10,220.0,43.737574552683895
2021-11-11,220.0,43.737574552683895
2021-11-12,219.0,43.538767395626245
2021-11-15,227.0,45.12922465208747
2021-11-16,224.0,44.53280318091451
2021-11-17,217.0,43.141153081510936
2021-11-18,220.0,43.737574552683895
2021-11-19,215.0,42.74353876739563
2021-11-22,214.0,42.54473161033797
2021-11-23,206.0,40.95427435387674
2021-11-24,205.0,40.75546719681908
2021-11-26,193.0,38.36978131212724
2021-11-29,190.0,37.77335984095427
2021-11-30,165.0,32.80318091451292
2021-12-01,126.0,25.04970178926441
2021-12-02,117.0,23.26043737574553
2021-12-03,98.0,19.4831013916501
2021-12-06,92.0,18.290258449304176
2021-12-07,88.0,17.495029821073558
2021-12-08,96.0,19.08548707753479
2021-12-09,89.0,17.693836978131213
2021-12-10,99.0,19.681908548707753
2021-12-13,99.0,19.681908548707753
2021-12-14,112.0,22.266401590457257
2021-12-15,130.0,25.844930417495032
2021-12-16,146.0,29.025844930417495
2021-12-17,151.0,30.019880715705767
2021-12-20,154.0,30.61630218687873
2021-12-21,152.0,30.218687872763418
2021-12-22,142.0,28.230616302186878
2021-12-23,146.0,29.025844930417495
2021-12-27,145.0,28.82703777335984
2021-12-28,146.0,29.025844930417495
2021-12-29,161.0,32.007952286282304
2021-12-30,172.0,34.1948310139165
2021-12-31,180.0,35.785288270377734
2022-01-03,187.0,37.17693836978131
2022-01-04,204.0,40.55666003976143
2022-01-05,206.0,40.95427435387674
2022-01-06,211.0,41.94831013916501
2022-01-07,206.0,40.95427435387674
2022-01-10,193.0,38.36978131212724
2022-01-11,179.0,35.586481113320076
2022-01-12,175.0,34.791252485089466
2022-01-13,164.0,32.60437375745527
2022-01-14,150.0,29.82107355864811
2022-01-18,135.0,26.838966202783297
2022-01-19,121.0,24.055666003976143
2022-01-20,116.0,23.061630218687874
2022-01-21,105.0,20.87475149105368
2022-01-24,95.0,18.886679920477135
2022-01-25,85.0,16.898608349900595
2022-01-26,73.0,14.512922465208748
2022-01-27,61.0,12.127236580516898
2022-01-28,52.0,10.337972166998012
2022-01-31,39.0,7.75347912524851
2022-02-01,34.0,6.759443339960239
2022-02-02,30.0,5.964214711729622
2022-02-03,39.0,7.75347912524851
2022-02-04,53.0,10.536779324055665
2022-02-07,63.0,12.524850894632205
2022-02-08,76.0,15.109343936381709
2022-02-09,91.0,18.09145129224652
2022-02-10,101.0,20.07952286282306
2022-02-11,104.0,20.675944333996025
2022-02-14,101.0,20.07952286282306
2022-02-15,103.0,20.47713717693837
2022-02-16,102.0,20.278330019880716
2022-02-17,101.0,20.07952286282306
2022-02-18,98.0,19.4831013916501
2022-02-22,94.0,18.687872763419485
2022-02-23,82.0,16.302186878727635
2022-02-24,72.0,14.314115308151093
2022-02-25,67.0,13.320079522862823
2022-02-28,62.0,12.326043737574553
2022-03-01,60.0,11.928429423459244
2022-03-02,61.0,12.127236580516898
2022-03-03,57.0,11.332007952286283
2022-03-04,61.0,12.127236580516898
2022-03-07,64.0,12.72365805168986
2022-03-08,64.0,12.72365805168986
2022-03-09,69.0,13.717693836978132
2022-03-10,72.0,14.314115308151093
2022-03-11,76.0,15.109343936381709
2022-03-14,78.0,15.50695825049702
2022-03-15,86.0,17.09741550695825
2022-03-16,88.0,17.495029821073558
2022-03-17,89.0,17.693836978131213
2022-03-18,91.0,18.09145129224652
2022-03-21,101.0,20.07952286282306
2022-03-22,115.0,22.86282306163022
2022-03-23,114.0,22.664015904572565
2022-03-24,110.0,21.868787276341948
2022-03-25,121.0,24.055666003976143
2022-03-28,128.0,25.44731610337972
2022-03-29,136.0,27.037773359840955
2022-03-30,145.0,28.82703777335984
2022-03-31,148.0,29.4234592445328
2022-04-01,147.0,29.22465208747515
2022-04-04,151.0,30.019880715705767
2022-04-05,155.0,30.81510934393638
2022-04-06,160.0,31.809145129224653
2022-04-07,156.0,31.01391650099404
2022-04-08,157.0,31.21272365805169
2022-04-11,148.0,29.4234592445328
2022-04-12,144.0,28.628230616302186
2022-04-13,141.0,28.031809145129227
2022-04-14,142.0,28.230616302186878
2022-04-18,138.0,27.435387673956264
2022-04-19,142.0,28.230616302186878
2022-04-20,152.0,30.218687872763418
2022-04-21,150.0,29.82107355864811
2022-04-22,142.0,28.230616302186878
2022-04-25,133.0,26.44135188866799
2022-04-26,119.0,23.658051689860834
2022-04-27,111.0,22.067594433399602
2022-04-28,98.0,19.4831013916501
2022-04-29,79.0,15.705765407554672
2022-05-02,62.0,12.326043737574553
2022-05-03,47.0,9.343936381709742
2022-05-04,37.0,7.3558648111332
2022-05-05,30.0,5.964214711729622
2022-05-06,27.0,5.36779324055666
2022-05-09,24.0,4.7713717693836974
2022-05-10,25.0,4.970178926441352
2022-05-11,22.0,4.3737574552683895
2022-05-12,19.0,3.7773359840954273
2022-05-13,21.0,4.174950298210735
2022-05-16,25.0,4.970178926441352
2022-05-17,30.0,5.964214711729622
2022-05-18,27.0,5.36779324055666
2022-05-19,25.0,4.970178926441352
2022-05-20,23.0,4.572564612326044
2022-05-23,28.0,5.566600397614314
2022-05-24,34.0,6.759443339960239
2022-05-25,36.0,7.157057654075547
2022-05-26,37.0,7.3558648111332
2022-05-27,40.0,7.952286282306163
2022-05-31,41.0,8.151093439363818
2022-06-01,44.0,8.747514910536779
2022-06-02,46.0,9.145129224652088
2022-06-03,49.0,9.74155069582505
2022-06-06,53.0,10.536779324055665
2022-06-07,55.0,10.934393638170974
2022-06-08,56.0,11.133200795228628
2022-06-09,54.0,10.73558648111332
2022-06-10,51.0,10.139165009940358
2022-06-13,43.0,8.548707753479125
2022-06-14,36.0,7.157057654075547
2022-06-15,28.0,5.566600397614314
2022-06-16,22.0,4.3737574552683895
2022-06-17,15.0,2.982107355864811
2022-06-21,9.0,1.7892644135188867
2022-06-22,2.0,0.3976143141153081
2022-06-23,1.0,0.19880715705765406
2022-06-24,0.0,0.0
2022-06-27,2.0,0.3976143141153081
2022-06-28,5.0,0.9940357852882704
2022-06-29,7.0,1.3916500994035785
2022-06-30,9.0,1.7892644135188867
2022-07-01,11.0,2.1868787276341948
2022-07-05,12.0,2.3856858846918487
2022-07-06,16.0,3.180914512922465
2022-07-07,18.0,3.5785288270377733
2022-07-08,19.0,3.7773359840954273
2022-07-11,21.0,4.174950298210735
2022-07-12,23.0,4.572564612326044
2022-07-13,27.0,5.36779324055666
2022-07-14,29.0,5.7654075546719685
2022-07-15,33.0,6.560636182902585
2022-07-18,31.0,6.163021868787276
2022-07-19,33.0,6.560636182902585
2022-07-20,31.0,6.163021868787276
2022-07-21,29.0,5.7654075546719685
2022-07-22,26.0,5.168986083499006
2022-07-25,26.0,5.168986083499006
2022-07-26,24.0,4.7713717693836974
2022-07-27,24.0,4.7713717693836974
2022-07-28,25.0,4.970178926441352
2022-07-29,26.0,5.168986083499006
2022-08-01,29.0,5.7654075546719685
2022-08-02,31.0,6.163021868787276
2022-08-03,34.0,6.759443339960239
2022-08-04,37.0,7.3558648111332
2022-08-05,41.0,8.151093439363818
2022-08-08,48.0,9.542743538767395
2022-08-09,54.0,10.73558648111332
2022-08-10,59.0,11.72962226640159
2022-08-11,62.0,12.326043737574553
2022-08-12,67.0,13.320079522862823
2022-08-15,68.0,13.518886679920477
2022-08-16,74.0,14.7117296222664
2022-08-17,78.0,15.50695825049702
2022-08-18,86.0,17.09741550695825
2022-08-19,87.0,17.296222664015904
2022-08-22,91.0,18.09145129224652
2022-08-23,92.0,18.290258449304176
2022-08-24,93.0,18.48906560636183
2022-08-25,96.0,19.08548707753479
2022-08-26,96.0,19.08548707753479
2022-08-29,94.0,18.687872763419485
2022-08-30,84.0,16.69980119284294
2022-08-31,74.0,14.7117296222664
2022-09-01,58.0,11.530815109343937
2022-09-02,44.0,8.747514910536779
2022-09-06,36.0,7.157057654075547
2022-09-07,32.0,6.36182902584493
2022-09-08,24.0,4.7713717693836974
2022-09-09,20.0,3.9761431411530817
2022-09-12,20.0,3.9761431411530817
2022-09-13,14.0,2.783300198807157
2022-09-14,18.0,3.5785288270377733
2022-09-15,32.0,6.36182902584493
2022-09-16,32.0,6.36182902584493
2022-09-19,44.0,8.747514910536779
2022-09-20,46.0,9.145129224652088
2022-09-21,42.0,8.34990059642147
2022-09-22,34.0,6.759443339960239
2022-09-23,23.0,4.572564612326044
2022-09-26,12.0,2.3856858846918487
2022-09-27,9.0,1.7892644135188867
2022-09-28,5.0,0.9940357852882704
2022-09-29,6.0,1.1928429423459244
2022-09-30,4.0,0.7952286282306162
2022-10-03,4.0,0.7952286282306162
2022-10-04,7.0,1.3916500994035785
2022-10-05,11.0,2.1868787276341948
2022-10-06,12.0,2.3856858846918487
2022-10-07,15.0,2.982107355864811
2022-10-10,16.0,3.180914512922465
2022-10-11,24.0,4.7713717693836974
2022-10-12,24.0,4.7713717693836974
2022-10-13,23.0,4.572564612326044
2022-10-14,23.0,4.572564612326044
2022-10-17,23.0,4.572564612326044
2022-10-18,25.0,4.970178926441352
2022-10-19,25.0,4.970178926441352
2022-10-20,31.0,6.163021868787276
2022-10-21,31.0,6.163021868787276
2022-10-24,40.0,7.952286282306163
2022-10-25,48.0,9.542743538767395
2022-10-26,52.0,10.337972166998012
2022-10-27,57.0,11.332007952286283
2022-10-28,61.0,12.127236580516898
2022-10-31,74.0,14.7117296222664
2022-11-01,77.0,15.308151093439365
2022-11-02,82.0,16.302186878727635
2022-11-03,83.0,16.50099403578529
2022-11-04,87.0,17.296222664015904
2022-11-07,94.0,18.687872763419485
2022-11-08,99.0,19.681908548707753
2022-11-09,103.0,20.47713717693837
2022-11-10,102.0,20.278330019880716
2022-11-11,106.0,21.07355864811133
2022-11-14,104.0,20.675944333996025
2022-11-15,101.0,20.07952286282306
2022-11-16,99.0,19.681908548707753
2022-11-17,99.0,19.681908548707753
2022-11-18,95.0,18.886679920477135
2022-11-21,93.0,18.48906560636183
2022-11-22,92.0,18.290258449304176
2022-11-23,98.0,19.4831013916501
2022-11-25,104.0,20.675944333996025
2022-11-28,103.0,20.47713717693837
2022-11-29,114.0,22.664015904572565
2022-11-30,117.0,23.26043737574553
2022-12-01,121.0,24.055666003976143
2022-12-02,127.0,25.24850894632207
2022-12-05,130.0,25.844930417495032
2022-12-06,138.0,27.435387673956264
2022-12-07,137.0,27.236580516898606
2022-12-08,128.0,25.44731610337972
2022-12-09,114.0,22.664015904572565
2022-12-12,122.0,24.254473161033797
2022-12-13,123.0,24.45328031809145
2022-12-14,117.0,23.26043737574553
2022-12-15,98.0,19.4831013916501
2022-12-16,80.0,15.904572564612327
2022-12-19,63.0,12.524850894632205
2022-12-20,58.0,11.530815109343937
2022-12-21,53.0,10.536779324055665
2022-12-22,52.0,10.337972166998012
2022-12-23,52.0,10.337972166998012
2022-12-27,45.0,8.946322067594433
2022-12-28,36.0,7.157057654075547
2022-12-29,28.0,5.566600397614314
2022-12-30,40.0,7.952286282306163
2023-01-03,45.0,8.946322067594433
2023-01-04,61.0,12.127236580516898
2023-01-05,72.0,14.314115308151093
2023-01-06,79.0,15.705765407554672
2023-01-09,84.0,16.69980119284294
2023-01-10,92.0,18.290258449304176
2023-01-11,102.0,20.278330019880716
2023-01-12,110.0,21.868787276341948
2023-01-13,118.0,23.45924453280318
2023-01-17,118.0,23.45924453280318
2023-01-18,118.0,23.45924453280318
2023-01-19,113.0,22.46520874751491
2023-01-20,120.0,23.856858846918488
2023-01-23,121.0,24.055666003976143
2023-01-24,124.0,24.652087475149106
2023-01-25,129.0,25.646123260437374
2023-01-26,136.0,27.037773359840955
2023-01-27,142.0,28.230616302186878
2023-01-30,148.0,29.4234592445328
2023-01-31,151.0,30.019880715705767
2023-02-01,160.0,31.809145129224653
2023-02-02,176.0,34.990059642147116
2023-02-03,178.0,35.387673956262425
2023-02-06,175.0,34.791252485089466
2023-02-07,173.0,34.39363817097416
2023-02-08,179.0,35.586481113320076
2023-02-09,170.0,33.79721669980119
2023-02-10,168.0,33.39960238568588
2023-02-13,175.0,34.791252485089466
2023-02-14,171.0,33.99602385685885
2023-02-15,171.0,33.99602385685885
2023-02-16,161.0,32.007952286282304
2023-02-17,154.0,30.61630218687873
2023-02-21,144.0,28.628230616302186
2023-02-22,123.0,24.45328031809145
2023-02-23,110.0,21.868787276341948
2023-02-24,100.0,19.880715705765407
2023-02-27,92.0,18.290258449304176
2023-02-28,77.0,15.308151093439365
2023-03-01,69.0,13.717693836978132
2023-03-02,62.0,12.326043737574553
2023-03-03,62.0,12.326043737574553
2023-03-06,64.0,12.72365805168986
2023-03-07,66.0,13.12127236580517
2023-03-08,72.0,14.314115308151093
2023-03-09,71.0,14.115308151093439
2023-03-10,68.0,13.518886679920477
2023-03-13,63.0,12.524850894632205
2023-03-14,55.0,10.934393638170974
2023-03-15,51.0,10.139165009940358
2023-03-16,47.0,9.343936381709742
2023-03-17,43.0,8.548707753479125
2023-03-20,39.0,7.75347912524851
2023-03-21,46.0,9.145129224652088
2023-03-22,43.0,8.548707753479125
2023-03-23,46.0,9.145129224652088
2023-03-24,51.0,10.139165009940358
2023-03-27,53.0,10.536779324055665
2023-03-28,50.0,9.940357852882704
2023-03-29,59.0,11.72962226640159
2023-03-30,66.0,13.12127236580517
2023-03-31,75.0,14.910536779324055
2023-04-03,79.0,15.705765407554672
2023-04-04,83.0,16.50099403578529
2023-04-05,87.0,17.296222664015904
2023-04-06,88.0,17.495029821073558
2023-04-10,90.0,17.892644135188867
2023-04-11,90.0,17.892644135188867
2023-04-12,95.0,18.886679920477135
2023-04-13,95.0,18.886679920477135
2023-04-14,106.0,21.07355864811133
2023-04-17,110.0,21.868787276341948
2023-04-18,118.0,23.45924453280318
2023-04-19,124.0,24.652087475149106
2023-04-20,128.0,25.44731610337972
2023-04-21,141.0,28.031809145129227
2023-04-24,142.0,28.230616302186878
2023-04-25,142.0,28.230616302186878
2023-04-26,141.0,28.031809145129227
2023-04-27,130.0,25.844930417495032
2023-04-28,128.0,25.44731610337972
2023-05-01,132.0,26.24254473161034
2023-05-02,127.0,25.24850894632207
2023-05-03,121.0,24.055666003976143
2023-05-04,116.0,23.061630218687874
2023-05-05,121.0,24.055666003976143
2023-05-08,122.0,24.254473161033797
2023-05-09,129.0,25.646123260437374
2023-05-10,133.0,26.44135188866799
2023-05-11,129.0,25.646123260437374
2023-05-12,128.0,25.44731610337972
2023-05-15,119.0,23.658051689860834
2023-05-16,117.0,23.26043737574553
2023-05-17,118.0,23.45924453280318
2023-05-18,129.0,25.646123260437374
2023-05-19,130.0,25.844930417495032
2023-05-22,120.0,23.856858846918488
2023-05-23,113.0,22.46520874751491
2023-05-24,97.0,19.284294234592444
2023-05-25,89.0,17.693836978131213
2023-05-26,83.0,16.50099403578529
2023-05-30,80.0,15.904572564612327
2023-05-31,79.0,15.705765407554672
2023-06-01,78.0,15.50695825049702
2023-06-02,76.0,15.109343936381709
2023-06-05,74.0,14.7117296222664
2023-06-06,75.0,14.910536779324055
2023-06-07,82.0,16.302186878727635
2023-06-08,92.0,18.290258449304176
2023-06-09,101.0,20.07952286282306
2023-06-12,114.0,22.664015904572565
2023-06-13,127.0,25.24850894632207
2023-06-14,138.0,27.435387673956264
2023-06-15,147.0,29.22465208747515
2023-06-16,152.0,30.218687872763418
2023-06-20,156.0,31.01391650099404
2023-06-21,157.0,31.21272365805169
2023-06-22,160.0,31.809145129224653
2023-06-23,159.0,31.610337972166995
2023-06-26,161.0,32.007952286282304
2023-06-27,167.0,33.20079522862823
2023-06-28,169.0,33.59840954274354
2023-06-29,173.0,34.39363817097416
2023-06-30,171.0,33.99602385685885
2023-07-03,171.0,33.99602385685885
2023-07-05,173.0,34.39363817097416
2023-07-06,175.0,34.791252485089466
2023-07-07,183.0,36.381709741550694
2023-07-10,196.0,38.9662027833002
2023-07-11,200.0,39.761431411530815
2023-07-12,207.0,41.15308151093439
2023-07-13,215.0,42.74353876739563
2023-07-14,218.0,43.33996023856859
2023-07-17,222.0,44.135188866799204
2023-07-18,222.0,44.135188866799204
2023-07-19,220.0,43.737574552683895
2023-07-20,218.0,43.33996023856859
2023-07-21,219.0,43.538767395626245
2023-07-24,224.0,44.53280318091451
2023-07-25,224.0,44.53280318091451
2023-07-26,222.0,44.135188866799204
2023-07-27,218.0,43.33996023856859
2023-07-28,215.0,42.74353876739563
2023-07-31,217.0,43.141153081510936
2023-08-01,212.0,42.14711729622266
2023-08-02,205.0,40.75546719681908
2023-08-03,191.0,37.97216699801193
2023-08-04,177.0,35.188866799204774
2023-08-07,161.0,32.007952286282304
2023-08-08,143.0,28.429423459244536
2023-08-09,135.0,26.838966202783297
2023-08-10,138.0,27.435387673956264
2023-08-11,131.0,26.043737574552683
2023-08-14,132.0,26.24254473161034
2023-08-15,126.0,25.04970178926441
2023-08-16,119.0,23.658051689860834
2023-08-17,98.0,19.4831013916501
2023-08-18,95.0,18.886679920477135
2023-08-21,84.0,16.69980119284294
2023-08-22,72.0,14.314115308151093
2023-08-23,67.0,13.320079522862823
2023-08-24,62.0,12.326043737574553
2023-08-25,56.0,11.133200795228628
2023-08-28,51.0,10.139165009940358
2023-08-29,54.0,10.73558648111332
2023-08-30,64.0,12.72365805168986
2023-08-31,72.0,14.314115308151093
2023-09-01,80.0,15.904572564612327
2023-09-05,90.0,17.892644135188867
2023-09-06,100.0,19.880715705765407
2023-09-07,107.0,21.272365805168985
2023-09-08,119.0,23.658051689860834
2023-09-11,127.0,25.24850894632207
2023-09-12,129.0,25.646123260437374
2023-09-13,127.0,25.24850894632207
2023-09-14,120.0,23.856858846918488
2023-09-15,112.0,22.266401590457257
2023-09-18,101.0,20.07952286282306
2023-09-19,98.0,19.4831013916501
2023-09-20,89.0,17.693836978131213
2023-09-21,84.0,16.69980119284294
2023-09-22,77.0,15.308151093439365
2023-09-25,66.0,13.12127236580517
2023-09-26,56.0,11.133200795228628
2023-09-27,50.0,9.940357852882704
2023-09-28,44.0,8.747514910536779
2023-09-29,42.0,8.34990059642147
2023-10-02,32.0,6.36182902584493
2023-10-03,28.0,5.566600397614314
2023-10-04,26.0,5.168986083499006
2023-10-05,23.0,4.572564612326044
2023-10-06,24.0,4.7713717693836974
2023-10-09,27.0,5.36779324055666
2023-10-10,34.0,6.759443339960239
2023-10-11,39.0,7.75347912524851
2023-10-12,44.0,8.747514910536779
2023-10-13,50.0,9.940357852882704
2023-10-16,58.0,11.530815109343937
2023-10-17,65.0,12.922465208747516
2023-10-18,69.0,13.717693836978132
2023-10-19,68.0,13.518886679920477
2023-10-20,66.0,13.12127236580517
2023-10-23,65.0,12.922465208747516
2023-10-24,63.0,12.524850894632205
2023-10-25,61.0,12.127236580516898
2023-10-26,51.0,10.139165009940358
2023-10-27,45.0,8.946322067594433
2023-10-30,42.0,8.34990059642147
2023-10-31,32.0,6.36182902584493
2023-11-01,21.0,4.174950298210735
2023-11-02,20.0,3.9761431411530817
2023-11-03,21.0,4.174950298210735
2023-11-06,32.0,6.36182902584493
2023-11-07,39.0,7.75347912524851
2023-11-08,48.0,9.542743538767395
2023-11-09,58.0,11.530815109343937
2023-11-10,68.0,13.518886679920477
2023-11-13,84.0,16.69980119284294
2023-11-14,93.0,18.48906560636183
2023-11-15,99.0,19.681908548707753
2023-11-16,106.0,21.07355864811133
2023-11-17,115.0,22.86282306163022
2023-11-20,119.0,23.658051689860834
2023-11-21,130.0,25.844930417495032
2023-11-22,139.0,27.634194831013914
2023-11-24,147.0,29.22465208747515
2023-11-27,149.0,29.62226640159046
2023-11-28,160.0,31.809145129224653
2023-11-29,160.0,31.809145129224653
2023-11-30,169.0,33.59840954274354
2023-12-01,170.0,33.79721669980119
2023-12-04,171.0,33.99602385685885
2023-12-05,169.0,33.59840954274354
2023-12-06,162.0,32.20675944333996
2023-12-07,164.0,32.60437375745527
2023-12-08,160.0,31.809145129224653
2023-12-11,156.0,31.01391650099404
2023-12-12,163.0,32.40556660039761
2023-12-13,167.0,33.20079522862823
2023-12-14,171.0,33.99602385685885
2023-12-15,171.0,33.99602385685885
2023-12-18,172.0,34.1948310139165
2023-12-19,179.0,35.586481113320076
2023-12-20,185.0,36.779324055666
2023-12-21,194.0,38.56858846918489
2023-12-22,203.0,40.357852882703774
2023-12-26,208.0,41.35188866799205
2023-12-27,207.0,41.15308151093439
2023-12-28,206.0,40.95427435387674
2023-12-29,211.0,41.94831013916501
2024-01-02,219.0,43.538767395626245
2024-01-03,222.0,44.135188866799204
2024-01-04,221.0,43.93638170974155
2024-01-05,231.0,45.92445328031809
2024-01-08,228.0,45.32803180914513
2024-01-09,207.0,41.15308151093439
2024-01-10,189.0,37.57455268389662
2024-01-11,151.0,30.019880715705767
2024-01-12,133.0,26.44135188866799
2024-01-16,122.0,24.254473161033797
2024-01-17,120.0,23.856858846918488
2024-01-18,128.0,25.44731610337972
2024-01-19,141.0,28.031809145129227
2024-01-22,159.0,31.610337972166995
2024-01-23,156.0,31.01391650099404
2024-01-24,159.0,31.610337972166995
2024-01-25,169.0,33.59840954274354
2024-01-26,178.0,35.387673956262425
2024-01-29,193.0,38.36978131212724
2024-01-30,224.0,44.53280318091451
2024-01-31,227.0,45.12922465208747
2024-02-01,245.0,48.70775347912525
2024-02-02,243.0,48.31013916500994
2024-02-05,233.0,46.3220675944334
2024-02-06,230.0,45.72564612326044
2024-02-07,239.0,47.514910536779325
2024-02-08,227.0,45.12922465208747
2024-02-09,227.0,45.12922465208747
2024-02-12,223.0,44.333996023856855
2024-02-13,217.0,43.141153081510936
2024-02-14,216.0,42.94234592445328
2024-02-15,215.0,42.74353876739563
2024-02-16,205.0,40.75546719681908
2024-02-20,209.0,41.5506958250497
2024-02-21,211.0,41.94831013916501
2024-02-22,214.0,42.54473161033797
2024-02-23,216.0,42.94234592445328
2024-02-26,216.0,42.94234592445328
2024-02-27,220.0,43.737574552683895
2024-02-28,233.0,46.3220675944334
2024-02-29,243.0,48.31013916500994
2024-03-01,244.0,48.508946322067594
2024-03-04,250.0,49.70178926441352
2024-03-05,249.0,49.50298210735586
2024-03-06,253.0,50.29821073558648
2024-03-07,251.0,49.90059642147117
2024-03-08,247.0,49.10536779324055
2024-03-11,251.0,49.90059642147117
2024-03-12,255.0,50.695825049701796
2024-03-13,260.0,51.689860834990064
2024-03-14,260.0,51.689860834990064
2024-03-15,252.0,50.09940357852882
2024-03-18,253.0,50.29821073558648
2024-03-19,251.0,49.90059642147117
2024-03-20,255.0,50.695825049701796
2024-03-21,253.0,50.29821073558648
2024-03-22,246.0,48.9065606361829
2024-03-25,250.0,49.70178926441352
2024-03-26,239.0,47.514910536779325
2024-03-27,242.0,48.111332007952285
2024-03-28,248.0,49.30417495029821
2024-04-01,252.0,50.09940357852882
2024-04-02,257.0,51.0934393638171
2024-04-03,262.0,52.087475149105366
2024-04-04,252.0,50.09940357852882
2024-04-05,232.0,46.12326043737575
2024-04-08,225.0,44.731610337972164
2024-04-09,228.0,45.32803180914513
2024-04-10,212.0,42.14711729622266
2024-04-11,193.0,38.36978131212724
2024-04-12,161.0,32.007952286282304
2024-04-15,125.0,24.85089463220676
2024-04-16,97.0,19.284294234592444
2024-04-17,72.0,14.314115308151093
2024-04-18,56.0,11.133200795228628
2024-04-19,42.0,8.34990059642147
2024-04-22,36.0,7.157057654075547
2024-04-23,31.0,6.163021868787276
2024-04-24,37.0,7.3558648111332
2024-04-25,38.0,7.5546719681908545
2024-04-26,51.0,10.139165009940358
2024-04-29,67.0,13.320079522862823
2024-04-30,81.0,16.10337972166998
2024-05-01,92.0,18.290258449304176
2024-05-02,101.0,20.07952286282306
2024-05-03,113.0,22.46520874751491
2024-05-06,121.0,24.055666003976143
2024-05-07,128.0,25.44731610337972
2024-05-08,129.0,25.646123260437374
2024-05-09,130.0,25.844930417495032
2024-05-10,136.0,27.037773359840955
2024-05-13,138.0,27.435387673956264
2024-05-14,144.0,28.628230616302186
2024-05-15,154.0,30.61630218687873
2024-05-16,163.0,32.40556660039761
2024-05-17,177.0,35.188866799204774
2024-05-20,192.0,38.17097415506958
2024-05-21,207.0,41.15308151093439
2024-05-22,211.0,41.94831013916501
2024-05-23,209.0,41.5506958250497
2024-05-24,208.0,41.35188866799205
2024-05-28,209.0,41.5506958250497
2024-05-29,195.0,38.767395626242546
2024-05-30,170.0,33.79721669980119
2024-05-31,159.0,31.610337972166995
2024-06-03,152.0,30.218687872763418
2024-06-04,132.0,26.24254473161034
2024-06-05,123.0,24.45328031809145
2024-06-06,107.0,21.272365805168985
2024-06-07,105.0,20.87475149105368
2024-06-10,105.0,20.87475149105368
2024-06-11,103.0,20.47713717693837
2024-06-12,117.0,23.26043737574553
2024-06-13,127.0,25.24850894632207
2024-06-14,126.0,25.04970178926441
2024-06-17,128.0,25.44731610337972
2024-06-18,129.0,25.646123260437374
2024-06-20,127.0,25.24850894632207
2024-06-21,127.0,25.24850894632207
2024-06-24,132.0,26.24254473161034
2024-06-25,131.0,26.043737574552683
2024-06-26,136.0,27.037773359840955
2024-06-27,135.0,26.838966202783297
2024-06-28,137.0,27.236580516898606
2024-07-01,141.0,28.031809145129227
2024-07-02,141.0,28.031809145129227
2024-07-03,135.0,26.838966202783297
2024-07-05,133.0,26.44135188866799
2024-07-08,128.0,25.44731610337972
2024-07-09,120.0,23.856858846918488
2024-07-10,119.0,23.658051689860834
2024-07-11,128.0,25.44731610337972
2024-07-12,138.0,27.435387673956264
2024-07-15,148.0,29.4234592445328
2024-07-16,160.0,31.809145129224653
2024-07-17,169.0,33.59840954274354
2024-07-18,191.0,37.97216699801193
2024-07-19,194.0,38.56858846918489
2024-07-22,198.0,39.363817097415506
2024-07-23,201.0,39.960238568588466
2024-07-24,196.0,38.9662027833002
2024-07-25,198.0,39.363817097415506
2024-07-26,205.0,40.75546719681908
2024-07-29,201.0,39.960238568588466
2024-07-30,199.0,39.562624254473164
2024-07-31,197.0,39.165009940357855
2024-08-01,199.0,39.562624254473164
2024-08-02,191.0,37.97216699801193
2024-08-05,175.0,34.791252485089466
2024-08-06,168.0,33.39960238568588
2024-08-07,156.0,31.01391650099404
2024-08-08,149.0,29.62226640159046
2024-08-09,142.0,28.230616302186878
2024-08-12,138.0,27.435387673956264
2024-08-13,127.0,25.24850894632207
2024-08-14,125.0,24.85089463220676
2024-08-15,127.0,25.24850894632207
2024-08-16,132.0,26.24254473161034
2024-08-19,141.0,28.031809145129227
2024-08-20,154.0,30.61630218687873
2024-08-21,165.0,32.80318091451292
2024-08-22,170.0,33.79721669980119
2024-08-23,189.0,37.57455268389662
2024-08-26,197.0,39.165009940357855
2024-08-27,200.0,39.761431411530815
2024-08-28,205.0,40.75546719681908
2024-08-29,213.0,42.34592445328032
2024-08-30,226.0,44.93041749502982
2024-09-03,235.0,46.71968190854871
2024-09-04,249.0,49.50298210735586
2024-09-05,255.0,50.695825049701796
2024-09-06,248.0,49.30417495029821
2024-09-09,239.0,47.514910536779325
2024-09-10,238.0,47.31610337972167
2024-09-11,235.0,46.71968190854871
2024-09-12,225.0,44.731610337972164
2024-09-13,215.0,42.74353876739563
2024-09-16,206.0,40.95427435387674
2024-09-17,196.0,38.9662027833002
2024-09-18,194.0,38.56858846918489
2024-09-19,202.0,40.15904572564612
2024-09-20,218.0,43.33996023856859
2024-09-23,231.0,45.92445328031809
2024-09-24,229.0,45.52683896620278
2024-09-25,232.0,46.12326043737575
2024-09-26,240.0,47.713717693836976
2024-09-27,241.0,47.912524850894634
2024-09-30,234.0,46.52087475149106
2024-10-01,230.0,45.72564612326044
2024-10-02,224.0,44.53280318091451
2024-10-03,231.0,45.92445328031809
2024-10-04,228.0,45.32803180914513
2024-10-07,217.0,43.141153081510936
2024-10-08,204.0,40.55666003976143
2024-10-09,205.0,40.75546719681908
2024-10-10,202.0,40.15904572564612
2024-10-11,194.0,38.56858846918489
2024-10-14,189.0,37.57455268389662
2024-10-15,187.0,37.17693836978131
2024-10-16,190.0,37.77335984095427
2024-10-17,192.0,38.17097415506958
2024-10-18,203.0,40.357852882703774
2024-10-21,215.0,42.74353876739563
2024-10-22,220.0,43.737574552683895
2024-10-23,219.0,43.538767395626245
2024-10-24,219.0,43.538767395626245
2024-10-25,211.0,41.94831013916501
2024-10-28,206.0,40.95427435387674
2024-10-29,201.0,39.960238568588466
2024-10-30,191.0,37.97216699801193
2024-10-31,170.0,33.79721669980119
2024-11-01,151.0,30.019880715705767
2024-11-04,132.0,26.24254473161034
2024-11-05,124.0,24.652087475149106
2024-11-06,142.0,28.230616302186878
2024-11-07,149.0,29.62226640159046
2024-11-08,166.0,33.00198807157058
2024-11-11,174.0,34.59244532803181
2024-11-12,195.0,38.767395626242546
2024-11-13,202.0,40.15904572564612
2024-11-14,214.0,42.54473161033797
2024-11-15,223.0,44.333996023856855
2024-11-18,231.0,45.92445328031809
2024-11-19,229.0,45.52683896620278
2024-11-20,230.0,45.72564612326044
2024-11-21,225.0,44.731610337972164
2024-11-22,226.0,44.93041749502982
2024-11-25,227.0,45.12922465208747
2024-11-26,228.0,45.32803180914513
2024-11-27,231.0,45.92445328031809
2024-11-29,237.0,47.11729622266402
2024-12-02,243.0,48.31013916500994
2024-12-03,246.0,48.9065606361829
2024-12-04,254.0,50.49701789264414
2024-12-05,249.0,49.50298210735586
2024-12-06,251.0,49.90059642147117
2024-12-09,236.0,46.91848906560636
2024-12-10,211.0,41.94831013916501
2024-12-11,187.0,37.17693836978131
2024-12-12,159.0,31.610337972166995
2024-12-13,136.0,27.037773359840955
2024-12-16,123.0,24.45328031809145
2024-12-17,114.0,22.664015904572565
2024-12-18,92.0,18.290258449304176
2024-12-19,69.0,13.717693836978132
2024-12-20,58.0,11.530815109343937
2024-12-23,52.0,10.337972166998012
2024-12-24,47.0,9.343936381709742
2024-12-26,43.0,8.548707753479125
2024-12-27,37.0,7.3558648111332
2024-12-30,30.0,5.964214711729622
2024-12-31,25.0,4.970178926441352
2025-01-02,23.0,4.572564612326044
2025-01-03,31.0,6.163021868787276
2025-01-06,37.0,7.3558648111332
2025-01-07,40.0,7.952286282306163
2025-01-08,40.0,7.952286282306163
2025-01-10,36.0,7.157057654075547
2025-01-13,29.0,5.7654075546719685
2025-01-14,32.0,6.36182902584493
2025-01-15,34.0,6.759443339960239
2025-01-16,37.0,7.3558648111332
2025-01-17,40.0,7.952286282306163
2025-01-21,43.0,8.548707753479125
2025-01-22,49.0,9.74155069582505
2025-01-23,53.0,10.536779324055665
2025-01-24,65.0,12.922465208747516
2025-01-27,77.0,15.308151093439365
2025-01-28,88.0,17.495029821073558
2025-01-29,94.0,18.687872763419485
2025-01-30,102.0,20.278330019880716
2025-01-31,112.0,22.266401590457257
2025-02-03,120.0,23.856858846918488
2025-02-04,120.0,23.856858846918488
2025-02-05,119.0,23.658051689860834
2025-02-06,125.0,24.85089463220676
2025-02-07,139.0,27.634194831013914
2025-02-10,149.0,29.62226640159046
2025-02-11,147.0,29.22465208747515
2025-02-12,150.0,29.82107355864811
2025-02-13,143.0,28.429423459244536
2025-02-14,137.0,27.236580516898606
2025-02-18,136.0,27.037773359840955
2025-02-19,137.0,27.236580516898606
2025-02-20,138.0,27.435387673956264
2025-02-21,129.0,25.646123260437374
2025-02-24,130.0,25.844930417495032
2025-02-25,129.0,25.646123260437374
2025-02-26,122.0,24.254473161033797
2025-02-27,121.0,24.055666003976143
2025-02-28,115.0,22.86282306163022
2025-03-03,109.0,21.669980119284293
2025-03-04,101.0,20.07952286282306
2025-03-05,97.0,19.284294234592444
2025-03-06,88.0,17.495029821073558
2025-03-07,91.0,18.09145129224652
2025-03-10,88.0,17.495029821073558
2025-03-11,83.0,16.50099403578529
2025-03-12,81.0,16.10337972166998
2025-03-13,71.0,14.115308151093439
2025-03-14,63.0,12.524850894632205
2025-03-17,50.0,9.940357852882704
2025-03-18,46.0,9.145129224652088
2025-03-19,50.0,9.940357852882704
2025-03-20,48.0,9.542743538767395
2025-03-21,45.0,8.946322067594433
2025-03-24,41.0,8.151093439363818
2025-03-25,47.0,9.343936381709742
2025-03-26,55.0,10.934393638170974
2025-03-27,64.0,12.72365805168986
2025-03-28,73.0,14.512922465208748
2025-03-31,75.0,14.910536779324055
2025-04-01,82.0,16.302186878727635
2025-04-02,89.0,17.693836978131213
2025-04-03,86.0,17.09741550695825
2025-04-04,83.0,16.50099403578529
2025-04-07,64.0,12.72365805168986
2025-04-08,50.0,9.940357852882704
2025-04-09,43.0,8.548707753479125
2025-04-10,33.0,6.560636182902585
2025-04-11,26.0,5.168986083499006
2025-04-14,21.0,4.174950298210735
2025-04-15,19.0,3.7773359840954273
2025-04-16,18.0,3.5785288270377733
2025-04-17,15.0,2.982107355864811
2025-04-21,17.0,3.3797216699801194
2025-04-22,22.0,4.3737574552683895
2025-04-23,33.0,6.560636182902585
2025-04-24,34.0,6.759443339960239
2025-04-25,39.0,7.75347912524851
2025-04-28,46.0,9.145129224652088
2025-04-29,49.0,9.74155069582505
2025-04-30,50.0,9.940357852882704
2025-05-01,53.0,10.536779324055665
2025-05-02,51.0,10.139165009940358
2025-05-05,53.0,10.536779324055665
2025-05-06,66.0,13.12127236580517
2025-05-07,72.0,14.314115308151093
2025-05-08,81.0,16.10337972166998
2025-05-09,84.0,16.69980119284294
2025-05-12,90.0,17.892644135188867
2025-05-13,85.0,16.898608349900595
2025-05-14,81.0,16.10337972166998
2025-05-15,87.0,17.296222664015904
2025-05-16,87.0,17.296222664015904
2025-05-19,90.0,17.892644135188867
2025-05-20,88.0,17.495029821073558
2025-05-21,91.0,18.09145129224652
2025-05-22,92.0,18.290258449304176
2025-05-23,88.0,17.495029821073558
2025-05-27,91.0,18.09145129224652
2025-05-28,98.0,19.4831013916501
2025-05-29,104.0,20.675944333996025
2025-05-30,107.0,21.272365805168985
2025-06-02,103.0,20.47713717693837
2025-06-03,97.0,19.284294234592444
2025-06-04,95.0,18.886679920477135
2025-06-05,97.0,19.284294234592444
2025-06-06,97.0,19.284294234592444
2025-06-09,99.0,19.681908548707753
2025-06-10,95.0,18.886679920477135
2025-06-11,91.0,18.09145129224652
2025-06-12,90.0,17.892644135188867
2025-06-13,83.0,16.50099403578529
2025-06-16,82.0,16.302186878727635
2025-06-17,81.0,16.10337972166998
2025-06-18,86.0,17.09741550695825
2025-06-20,84.0,16.69980119284294
2025-06-23,85.0,16.898608349900595
2025-06-24,92.0,18.290258449304176
2025-06-25,96.0,19.08548707753479
2025-06-26,101.0,20.07952286282306
2025-06-27,108.0,21.47117296222664
2025-06-30,119.0,23.658051689860834
2025-07-01,128.0,25.44731610337972
2025-07-02,131.0,26.043737574552683
2025-07-03,138.0,27.435387673956264
2025-07-07,143.0,28.429423459244536
2025-07-08,148.0,29.4234592445328
2025-07-09,150.0,29.82107355864811
2025-07-10,153.0,30.417495029821072
2025-07-11,154.0,30.61630218687873
2025-07-14,157.0,31.21272365805169
2025-07-15,150.0,29.82107355864811
2025-07-16,149.0,29.62226640159046
2025-07-17,148.0,29.4234592445328
2025-07-18,145.0,28.82703777335984
2025-07-21,144.0,28.628230616302186
2025-07-22,150.0,29.82107355864811
2025-07-23,148.0,29.4234592445328
2025-07-24,145.0,28.82703777335984
2025-07-25,148.0,29.4234592445328
2025-07-28,144.0,28.628230616302186
2025-07-29,153.0,30.417495029821072
2025-07-30,157.0,31.21272365805169
2025-07-31,156.0,31.01391650099404
2025-08-01,157.0,31.21272365805169
2025-08-04,160.0,31.809145129224653
2025-08-05,159.0,31.610337972166995
2025-08-06,149.0,29.62226640159046
2025-08-07,144.0,28.628230616302186
2025-08-08,144.0,28.628230616302186
2025-08-11,138.0,27.435387673956264
2025-08-12,136.0,27.037773359840955
2025-08-13,143.0,28.429423459244536
2025-08-14,151.0,30.019880715705767
2025-08-15,154.0,30.61630218687873
2025-08-18,153.0,30.417495029821072
2025-08-19,144.0,28.628230616302186
2025-08-20,145.0,28.82703777335984
2025-08-21,150.0,29.82107355864811
2025-08-22,150.0,29.82107355864811
2025-08-25,158.0,31.411530815109344
2025-08-26,155.0,30.81510934393638
2025-08-27,144.0,28.628230616302186
2025-08-28,142.0,28.230616302186878
2025-08-29,143.0,28.429423459244536
2025-09-02,142.0,28.230616302186878
2025-09-03,148.0,29.4234592445328
2025-09-04,146.0,29.025844930417495
2025-09-05,154.0,30.61630218687873
2025-09-08,152.0,30.218687872763418
2025-09-09,154.0,30.61630218687873
2025-09-10,149.0,29.62226640159046
2025-09-11,154.0,30.61630218687873
2025-09-12,153.0,30.417495029821072
2025-09-15,155.0,30.81510934393638
2025-09-16,146.0,29.025844930417495
2025-09-17,149.0,29.62226640159046
2025-09-18,152.0,30.218687872763418
2025-09-19,150.0,29.82107355864811
2025-09-22,148.0,29.4234592445328
2025-09-23,151.0,30.019880715705767
2025-09-24,149.0,29.62226640159046
2025-09-25,148.0,29.4234592445328
2025-09-26,143.0,28.429423459244536
